Date,AAPL,AGL.JO,FSR.JO,MSFT,MTN.JO,NPN.JO,NVDA,SBK.JO,USDZAR=X
2024-01-01,,,,,,,,,18.26959991455078
2024-01-02,183.73130798339844,44752.5625,7243.37890625,364.5893859863281,11521.84765625,60997.75,48.13856887817383,20672.37109375,18.300399780273438
2024-01-03,182.35562133789062,43227.79296875,7010.65625,364.32403564453125,11391.939453125,61738.89453125,47.53993606567383,20258.943359375,18.55558967590332
2024-01-04,180.03965759277344,43791.71484375,7090.56103515625,361.70904541015625,11300.0048828125,62556.03125,47.96867752075195,20333.83984375,18.674299240112305
2024-01-05,179.31715393066406,43915.5078125,7100.54931640625,361.5223083496094,11295.0078125,61586.10546875,49.0670051574707,20503.603515625,18.686899185180664
2024-01-08,183.65213012695312,42647.16796875,7171.46484375,368.3447570800781,11115.1357421875,60805.36328125,52.22107696533203,20594.478515625,18.670289993286133
2024-01-09,183.23643493652344,42375.02734375,7153.48583984375,369.4261169433594,11190.08203125,59732.05078125,53.107540130615234,20715.310546875,18.564199447631836
2024-01-10,184.27566528320312,43050.95703125,7127.51708984375,376.28790283203125,11124.12890625,58620.73046875,54.316795349121094,20657.390625,18.63878059387207
2024-01-11,183.6818389892578,43050.95703125,7123.521484375,378.1164855957031,11214.0654296875,60025.42578125,54.788509368896484,20649.40234375,18.631759643554688
2024-01-12,184.00845336914062,43362.39453125,7025.63818359375,381.89141845703125,11181.087890625,59842.23828125,54.676570892333984,20822.1640625,18.645099639892578
2024-01-15,,42775.86328125,6734.98388671875,,11092.1513671875,59559.66015625,,20340.828125,18.60658073425293
2024-01-16,181.7419891357422,42245.34375,6773.93798828125,383.6609191894531,11012.2080078125,58180.3671875,56.34755325317383,19954.36328125,18.649099349975586
2024-01-17,180.80174255371094,41285.4921875,6648.08740234375,382.8744812011719,10760.3857421875,56959.859375,56.01875686645508,19499.9921875,18.959089279174805
2024-01-18,186.69056701660156,42186.39453125,6692.03564453125,387.1999206542969,10757.3876953125,57973.9765625,57.07211685180664,19691.7265625,19.079200744628906
2024-01-19,189.59042358398438,42245.34375,6780.92919921875,391.91864013671875,10562.525390625,58507.33984375,59.454654693603516,19708.70703125,18.921100616455078
2024-01-22,191.896484375,41854.328125,6666.06591796875,389.7952575683594,10593.50390625,57985.578125,59.6175537109375,19667.76171875,19.008899688720703
2024-01-23,193.1732177734375,43017.546875,6767.9443359375,392.144775390625,10517.5576171875,60595.37890625,59.836421966552734,19820.552734375,19.193300247192383
2024-01-24,192.50021362304688,43673.8203125,6798.908203125,395.7427673339844,10471.5908203125,63795.1328125,61.32451248168945,19810.5625,18.91320037841797
2024-01-25,192.17361450195312,43007.7265625,6741.9755859375,398.0137023925781,10106.8486328125,63445.1640625,61.5793571472168,19722.685546875,18.877979278564453
2024-01-26,190.44158935546875,44133.609375,6886.8037109375,397.0895690917969,10426.6220703125,64305.8984375,60.99371337890625,20182.05078125,18.880399703979492
2024-01-29,189.75869750976562,44131.64453125,6689.0390625,402.781494140625,9992.9296875,63655.14453125,62.42683410644531,19922.408203125,18.757030487060547
2024-01-30,186.10662841796875,44406.734375,6685.04345703125,401.6706848144531,9645.1748046875,63706.9453125,62.73564529418945,19862.490234375,18.778499603271484
2024-01-31,182.50404357910156,44418.5234375,6783.92578125,390.8471374511719,9547.244140625,62740.015625,61.489410400390625,19946.375,18.779300689697266
2024-02-01,184.93878173828125,43531.37109375,6618.12353515625,396.942138671875,9572.2265625,63540.95703125,62.988494873046875,19801.578125,18.6135196685791
2024-02-02,183.9391632080078,42952.70703125,6635.10302734375,404.25616455078125,9473.296875,65275.0234375,66.11958312988281,20105.15625,18.56529998779297
2024-02-05,185.75033569335938,42304.2890625,6614.1279296875,398.78045654296875,9316.408203125,65130.234375,69.2896499633789,20008.291015625,18.882320404052734
2024-02-06,187.3536834716797,42825.97265625,6637.1005859375,398.6231994628906,9491.2841796875,67560.640625,68.18132019042969,20035.251953125,19.048900604248047
2024-02-07,187.46255493164062,41510.47265625,6506.25634765625,407.0382385253906,9365.373046875,68461.3828125,70.0561752319336,19668.759765625,18.81760025024414
2024-02-08,186.38375854492188,40909.21484375,6471.2978515625,407.0971374511719,9309.4130859375,67533.453125,69.59844970703125,19693.7265625,18.898700714111328
2024-02-09,187.14682006835938,40096.72265625,6459.31201171875,413.4281311035156,9224.4736328125,68550.375,72.08895111083984,19881.46484375,18.966400146484375
2024-02-12,185.46212768554688,41417.140625,6432.34423828125,408.22772216796875,9393.353515625,68653.765625,72.20387268066406,20005.294921875,18.976049423217773
2024-02-13,183.37115478515625,40977.00390625,6390.39404296875,399.4391174316406,9245.4580078125,67398.65625,72.08394622802734,19880.46484375,18.89859962463379
2024-02-14,182.4891815185547,40596.79296875,6447.32666015625,403.2998352050781,9283.4306640625,65996.5703125,73.85486602783203,20250.955078125,19.07659912109375
2024-02-15,182.20181274414062,41290.40234375,6317.4814453125,400.4141845703125,9221.474609375,65916.578125,72.61360931396484,20295.892578125,19.028560638427734
2024-02-16,180.66580200195312,42274.8125,6412.3681640625,397.9519348144531,9093.5654296875,66102.3515625,72.56863403320312,20772.23046875,18.939529418945312
2024-02-19,,41844.5,6443.33154296875,,9036.60546875,65719.59375,,20761.248046875,18.825109481811523
2024-02-20,179.92257690429688,40967.1796875,6468.30126953125,396.7011413574219,8597.916015625,64266.703125,69.40957641601562,20471.650390625,18.93931007385254
2024-02-21,180.67568969726562,40928.8671875,6485.28125,396.1003723144531,8546.9521484375,65456.2109375,67.4307861328125,20651.3984375,18.9064998626709
2024-02-22,182.7071990966797,42153.97265625,6679.05078125,405.42718505859375,8762.7998046875,66777.90625,78.49002838134766,20731.2890625,18.896129608154297
2024-02-23,180.87391662597656,43424.2734375,6582.166015625,404.1369934082031,8527.9658203125,66945.09375,78.76885223388672,20594.478515625,19.14780044555664
2024-02-26,179.52615356445312,41871.02734375,6492.27294921875,401.3793640136719,8773.791015625,66518.9296875,79.04368591308594,20474.64453125,19.30579948425293
2024-02-27,180.98291015625,42132.359375,6503.26025390625,401.32025146484375,8943.6708984375,65019.04296875,78.65292358398438,20462.662109375,19.212600708007812
2024-02-28,179.78382873535156,40862.0546875,6408.373046875,401.5566101074219,8414.046875,63340.171875,77.61554718017578,20355.80859375,19.069400787353516
2024-02-29,179.11985778808594,41281.5625,6470.298828125,407.3871765136719,8344.095703125,63097.98828125,79.06367492675781,20154.08984375,19.25309944152832
2024-03-01,178.03968811035156,40956.3671875,6546.20947265625,409.218994140625,8400.0556640625,62420.83984375,82.2287368774414,20731.2890625,19.180419921875
2024-03-04,173.52084350585938,40457.28515625,6427.3505859375,408.6477966308594,8658.873046875,60894.75390625,85.18492889404297,20478.63671875,19.07699966430664
2024-03-05,168.5857391357422,40047.59765625,6359.43115234375,396.56329345703125,8257.158203125,58925.90234375,85.91551208496094,19982.328125,19.03030014038086
2024-03-06,167.5947265625,41829.76171875,6595.150390625,396.0116882324219,8611.90625,60001.2265625,88.64997100830078,20149.09765625,18.94070053100586
2024-03-07,167.475830078125,43560.8359375,6392.39208984375,402.9551696777344,8585.9248046875,59448.26953125,92.61672973632812,19994.310546875,18.775400161743164
2024-03-08,169.19021606445312,43988.2109375,6416.36328125,400.0793151855469,8335.1015625,59413.26953125,87.47862243652344,19705.708984375,18.66390037536621
2024-03-11,171.1920166015625,42908.49609375,6369.41943359375,398.40496826171875,8632.8916015625,59268.28125,85.72562408447266,19857.498046875,18.79785919189453
2024-03-12,171.66769409179688,43502.87890625,6387.39794921875,409.0023498535156,8394.060546875,61191.9375,91.86116790771484,19938.38671875,18.652700424194336
2024-03-13,169.58663940429688,44205.42578125,6480.287109375,408.8250732421875,8441.02734375,61764.48828125,90.83673858642578,19942.3828125,18.65049934387207
2024-03-14,171.43975830078125,42592.8984375,6492.27294921875,418.7921142578125,8430.03515625,61788.2890625,87.8943862915039,18585.259765625,18.553699493408203
2024-03-15,171.0631866455078,43905.71875,6335.45947265625,410.1250915527344,8622.8984375,61147.94140625,87.78746032714844,18604.234375,18.730600357055664
2024-03-18,172.15325927734375,43236.53515625,6252.55859375,411.01153564453125,8476.0029296875,61903.08203125,88.40510559082031,18579.267578125,18.749780654907227
2024-03-19,174.4919891357422,42705.90625,6229.58544921875,415.0397033691406,8377.072265625,61483.11328125,89.34757995605469,18524.345703125,18.943300247192383
2024-03-20,177.05860900878906,43286.65234375,6238.5751953125,418.8019104003906,8407.05078125,62313.44921875,90.32102966308594,18559.294921875,18.908790588378906
2024-03-21,169.82444763183594,,,422.8793640136719,,,91.38343048095703,,18.672300338745117
2024-03-22,170.72625732421875,45686.2734375,6192.63037109375,422.25885009765625,9029.611328125,61900.48046875,94.2358169555664,18387.537109375,18.81909942626953
2024-03-25,169.3091583251953,45641.0703125,6162.6650390625,416.4677429199219,9173.5087890625,62495.234375,94.94841003417969,18405.509765625,18.985200881958008
2024-03-26,168.179443359375,45022.0078125,6054.7587890625,415.2760009765625,9210.482421875,64706.66796875,92.50879669189453,18499.380859375,18.885700225830078
2024-03-27,171.74696350097656,44652.53515625,6101.71826171875,415.0593566894531,9392.353515625,66027.5703125,90.19910430908203,18468.423828125,18.960399627685547
2024-03-28,169.93344116210938,45708.875,6167.66064453125,414.3600769042969,9367.37109375,67145.8828125,90.30503845214844,18498.380859375,18.924489974975586
2024-03-29,,,,,,,,,18.896699905395508
2024-04-01,168.4965362548828,,,418.15191650390625,,,90.31202697753906,,18.84830093383789
2024-04-02,167.3172607421875,47094.41015625,6110.71044921875,415.0692443847656,9227.4716796875,67228.875,89.40154266357422,18433.47265625,18.944650650024414
2024-04-03,168.11997985839844,47407.875,6087.72998046875,414.09423828125,9246.45703125,66994.890625,88.91382598876953,18134.8828125,18.75790023803711
2024-04-04,167.29747009277344,48982.07421875,6247.591796875,411.5630798339844,9796.0693359375,66918.8984375,85.85653686523438,18124.896484375,18.65250015258789
2024-04-05,168.05059814453125,48872.0234375,6173.65576171875,419.0875244140625,9699.13671875,67136.0859375,87.95836639404297,17997.07421875,18.676809310913086
2024-04-08,166.9307861328125,49511.72265625,6244.59423828125,418.1716613769531,9403.3466796875,67221.671875,87.08384704589844,18074.966796875,18.712160110473633
2024-04-09,168.13978576660156,50211.37890625,6242.59619140625,419.8360290527344,9179.5048828125,65483.609375,85.30584716796875,18360.5703125,18.63089942932129
2024-04-10,166.2667999267578,49998.13671875,6298.5478515625,416.8616943359375,9235.46484375,67416.0625,86.98990631103516,17749.50390625,18.42840003967285
2024-04-11,173.46133422851562,49158.953125,6285.55908203125,421.4610900878906,9252.453125,67234.875,90.56488037109375,17653.599609375,18.77739906311035
2024-04-12,174.95773315429688,51102.63671875,6054.7587890625,415.52227783203125,9006.626953125,66602.921875,88.1362533569336,17322.923828125,18.709800720214844
2024-04-15,171.13255310058594,50581.828125,6051.76123046875,407.3871765136719,8718.830078125,65684.7890625,85.95249938964844,17495.75390625,18.857799530029297
2024-04-16,167.85238647460938,48731.50390625,6013.7939453125,408.31292724609375,8429.0361328125,64132.91015625,87.36569213867188,17166.080078125,18.97052001953125
2024-04-17,166.48484802246094,50567.09375,5907.88623046875,405.61431884765625,8044.45751953125,64024.3203125,83.98760223388672,16690.548828125,19.005800247192383
2024-04-18,165.5334930419922,51014.19921875,5962.837890625,398.1587829589844,8197.4091796875,64744.265625,84.62324523925781,16728.51171875,18.980899810791016
2024-04-19,163.51190185546875,51073.15234375,5987.81689453125,393.0866394042969,8206.40625,65142.8359375,76.15702819824219,16738.501953125,19.137449264526367
2024-04-22,164.34432983398438,49741.66796875,6088.7294921875,394.8988037109375,8296.3779296875,68630.5625,79.47314453125,16898.34375,19.121599197387695
2024-04-23,165.39476013183594,48837.62890625,6170.65869140625,401.4089050292969,8296.3779296875,71965.3046875,82.37651824951172,17167.080078125,19.18004035949707
2024-04-24,167.4956512451172,50487.4921875,6190.64111328125,402.8763427734375,8324.369140625,73506.3984375,79.63206481933594,17208.037109375,19.093299865722656
2024-04-25,168.35780334472656,60039.8203125,6124.69775390625,393.00787353515625,8389.3486328125,71497.1484375,82.58539581298828,17233.013671875,19.21780014038086
2024-04-26,167.7731170654297,61012.64453125,6348.50439453125,400.1777648925781,8632.271484375,72486.6796875,87.6855239868164,17265.98046875,19.01930046081543
2024-04-29,171.9352264404297,62954.359375,6496.3759765625,396.1693420410156,9087.1279296875,72338.6875,87.70751190185547,17482.767578125,18.797500610351562
2024-04-30,168.79383850097656,60629.4140625,6510.3642578125,383.4446105957031,9055.1376953125,72141.8984375,86.353271484375,17691.5625,18.63031005859375
2024-05-01,167.7731170654297,,,388.9698181152344,,,82.99414825439453,,18.778099060058594
2024-05-02,171.46946716308594,60544.90625,6507.36669921875,391.8259582519531,9257.07421875,73994.359375,85.76859283447266,18045.212890625,18.543699264526367
2024-05-03,181.7261505126953,61105.01171875,6497.3759765625,400.51263427734375,9368.0390625,75168.875,88.7389144897461,17880.375,18.54047966003418
2024-05-06,180.07119750976562,60629.4140625,6467.4013671875,407.2886657714844,9336.048828125,75018.078125,92.0880355834961,18171.08984375,18.533300399780273
2024-05-07,180.75494384765625,61071.609375,6568.31396484375,403.152099609375,9375.037109375,74542.7109375,90.50292205810547,18272.986328125,18.472700119018555
2024-05-08,181.0919189453125,60543.921875,6621.26806640625,404.3339538574219,9413.0244140625,74179.546875,90.36100769042969,18182.078125,18.49570083618164
2024-05-09,182.90542602539062,62341.19140625,6593.29248046875,406.08709716796875,9395.0302734375,75594.234375,88.69694519042969,18216.04296875,18.56555938720703
2024-05-10,181.6451416015625,62987.76953125,6704.1962890625,408.4704895019531,9397.0302734375,75418.6484375,89.82730865478516,18505.759765625,18.451549530029297
2024-05-13,184.85035705566406,62378.53125,6742.16357421875,407.4659118652344,9267.0712890625,77014.125,90.34801483154297,18810.458984375,18.41230010986328
2024-05-14,185.99151611328125,59302.83984375,6619.26953125,410.26300048828125,8479.3203125,79993.90625,91.30447387695312,18584.6796875,18.341760635375977
2024-05-15,188.2639923095703,59627.11328125,6758.14990234375,417.4359436035156,8642.2685546875,80474.46875,94.5766372680664,18816.453125,18.379100799560547
2024-05-16,188.38302612304688,59394.22265625,6864.05810546875,415.3739013671875,8335.365234375,81490.5859375,94.30577850341797,19031.240234375,18.249399185180664
2024-05-17,188.41282653808594,60992.9921875,6866.05615234375,414.60430908203125,8614.27734375,78154.0390625,92.42683410644531,18920.349609375,18.16309928894043
2024-05-20,189.57383728027344,61090.28125,6915.013671875,419.6658630371094,8497.314453125,78681.796875,94.72653198242188,19060.212890625,18.152099609375
2024-05-21,190.87379455566406,60507.56640625,6935.99609375,423.3165283203125,8687.25390625,78761.9921875,95.33220672607422,18984.287109375,18.150100708007812
2024-05-22,189.43492126464844,60722.765625,6884.04052734375,424.7767333984375,8835.20703125,77963.8515625,94.89644622802734,18846.423828125,18.050399780273438
2024-05-23,185.44577026367188,61638.58984375,6810.1044921875,421.3037414550781,8562.2939453125,78139.0390625,103.7404556274414,18846.423828125,18.276899337768555
2024-05-24,188.52195739746094,60504.6171875,6829.08837890625,424.42156982421875,8605.2802734375,78027.8515625,106.40894317626953,18844.423828125,18.46339988708496
2024-05-27,,60184.26953125,6768.14111328125,,8455.3271484375,78240.4375,,18401.86328125,18.414939880371094
2024-05-28,188.53187561035156,58859.6640625,6784.12744140625,424.5794372558594,8497.314453125,76915.5390625,113.83675384521484,18540.724609375,18.301300048828125
2024-05-29,188.82960510253906,,,423.44476318359375,,,114.7602310180664,,18.271739959716797
2024-05-30,189.82191467285156,58047.01171875,6442.4228515625,409.13818359375,8517.3076171875,76159.984375,110.43767547607422,17600.650390625,18.421499252319336
2024-05-31,190.7745361328125,58335.9140625,6494.3779296875,409.59210205078125,8203.4072265625,74560.9140625,109.5711669921875,17900.35546875,18.706300735473633
2024-06-03,192.54087829589844,57855.3984375,6744.16162109375,408.0035095214844,8436.333984375,75994.2109375,114.93513488769531,18563.703125,18.76715087890625
2024-06-04,192.85842895507812,56281.19140625,6595.29052734375,410.5195007324219,8167.41845703125,76494.1640625,116.37132263183594,18443.8203125,18.51609992980957
2024-06-05,194.36676025390625,56247.78515625,6375.48095703125,418.3536376953125,8194.41015625,77187.9140625,122.3709487915039,18003.25390625,18.711809158325195
2024-06-06,192.98745727539062,56856.04296875,6263.578125,418.8568115234375,8211.404296875,78219.4375,120.92975616455078,17945.310546875,18.934490203857422
2024-06-07,195.37892150878906,56258.58984375,6320.52880859375,418.19573974609375,8067.4501953125,76972.921875,120.81982421875,18217.04296875,18.95404052734375
2024-06-10,191.63787841796875,55347.6796875,6328.52197265625,422.162109375,8019.46533203125,76895.5390625,121.72130584716797,18232.029296875,18.886199951171875
2024-06-11,205.5601806640625,54939.87890625,6442.4228515625,426.907958984375,7975.47900390625,76412.375,120.85173797607422,18304.95703125,18.721900939941406
2024-06-12,211.4347686767578,55181.61328125,6691.2080078125,435.17620849609375,8107.4375,78059.6484375,125.13966369628906,18455.80859375,18.541900634765625
2024-06-13,212.5957794189453,55273.98046875,6849.0712890625,435.689208984375,7809.53173828125,76937.140625,129.54751586914062,18864.40625,18.361360549926758
2024-06-14,210.8592529296875,55099.0703125,7044.90185546875,436.6659851074219,8222.4013671875,74733.09375,131.8164520263672,19916.369140625,18.415130615234375
2024-06-17,215.0071258544922,,,442.38861083984375,,,130.91688537597656,,18.338899612426758
2024-06-18,212.64540100097656,54266.7578125,7618.4052734375,440.3857116699219,8582.287109375,74925.4921875,135.5146484375,21223.080078125,18.229450225830078
2024-06-19,,54635.25390625,7591.4287109375,,8797.2197265625,75891.609375,,21382.923828125,18.022899627685547
2024-06-20,208.07077026367188,55879.28515625,7555.45947265625,439.7543029785156,8566.29296875,74056.5546875,130.71697998046875,21118.18359375,17.918500900268555
2024-06-21,205.8975830078125,54829.82421875,7670.35986328125,443.77984619140625,8509.310546875,71777.1328125,126.50900268554688,21198.103515625,17.970890045166016
2024-06-24,206.5426025390625,56617.26171875,7458.54296875,441.697998046875,8525.3056640625,73683.984375,118.0530776977539,21179.123046875,17.99489974975586
2024-06-25,207.46546936035156,56976.90625,7480.5244140625,444.9342041015625,8450.3291015625,71286.96875,126.02923583984375,21046.255859375,18.093839645385742
2024-06-26,211.61338806152344,57357.1953125,7474.5302734375,446.1280822753906,8226.400390625,71630.9375,126.33909606933594,20675.619140625,18.23785972595215
2024-06-27,212.4568634033203,57052.57421875,7332.65234375,446.8088684082031,8266.3876953125,71142.5703125,123.93025207519531,20486.806640625,18.147300720214844
2024-06-28,209.00357055664062,56649.68359375,7683.3486328125,440.98760986328125,8491.31640625,71338.9609375,123.48046875,21060.2421875,18.433900833129883
2024-07-01,215.08651733398438,55224.84765625,7755.28662109375,450.63714599609375,8540.30078125,69332.921875,124.24010467529297,21208.09765625,18.041200637817383
2024-07-02,218.5795135498047,54931.03125,7618.4052734375,453.153076171875,8197.4091796875,69889.875,122.61088562011719,20755.541015625,18.352500915527344
2024-07-03,219.8496856689453,55941.1953125,7685.34716796875,454.6232604980469,8297.3779296875,70396.03125,128.21817016601562,21168.134765625,18.589599609375
2024-07-04,,55552.06640625,7713.32275390625,,8357.3583984375,70683.609375,,21254.05078125,18.405500411987305
2024-07-05,224.6029052734375,55635.59375,7695.3388671875,461.3226318359375,8331.3671875,70194.6484375,125.76936340332031,20997.302734375,18.256620407104492
2024-07-08,226.07156372070312,54939.87890625,7794.2529296875,460.0202331542969,8177.41552734375,71006.1875,128.13819885253906,21218.0859375,18.226900100708008
2024-07-09,226.92495727539062,54439.70703125,7765.27783203125,453.4096374511719,8211.404296875,70617.21875,131.3166961669922,21189.115234375,18.088199615478516
2024-07-10,231.19195556640625,54806.23828125,7783.2626953125,460.0301513671875,8196.4091796875,70099.453125,134.84500122070312,20871.427734375,18.13990020751953
2024-07-11,225.823486328125,54652.9453125,7890.169921875,448.6341857910156,8196.4091796875,71117.78125,127.33861541748047,21223.080078125,18.097759246826172
2024-07-12,228.77069091796875,55355.5390625,7906.15625,447.4995422363281,8192.4111328125,73456.6015625,129.17774963378906,21279.0234375,17.976499557495117
2024-07-15,232.60105895996094,55446.92578125,7984.08837890625,447.9040832519531,8060.4521484375,73334.203125,128.3780975341797,21678.630859375,17.985000610351562
2024-07-16,233.01783752441406,53302.78515625,7816.23388671875,443.5233154296875,7848.51953125,70494.625,126.2990951538086,21279.0234375,18.198299407958984
2024-07-17,227.12342834472656,53200.58984375,7709.326171875,437.6033630371094,7561.60986328125,70122.2578125,117.9331283569336,20928.37109375,18.02429962158203
2024-07-18,222.45950317382812,52974.57421875,7768.275390625,434.4953918457031,7394.66259765625,70280.640625,121.03163146972656,20716.580078125,18.117799758911133
2024-07-19,222.5885009765625,52084.30078125,7843.2099609375,431.2788391113281,7519.62353515625,68715.15625,117.87317657470703,20919.380859375,18.2362003326416
2024-07-22,222.24119567871094,51687.3125,7863.193359375,437.03106689453125,7463.64111328125,70603.4140625,123.48046875,21119.18359375,18.189899444580078
2024-07-23,223.2831268310547,50901.1875,7935.130859375,438.9156188964844,7645.58349609375,69758.078125,122.53092193603516,21371.93359375,18.234699249267578
2024-07-24,216.86277770996094,51704.015625,7806.2421875,423.17840576171875,7672.5751953125,69368.7109375,114.19493103027344,21187.115234375,18.38949966430664
2024-07-25,215.82083129882812,52160.94921875,8001.07373046875,412.8184509277344,7699.56640625,68995.5390625,112.22588348388672,21814.49609375,18.34830093383789
2024-07-26,216.2872314453125,54681.44140625,7989.083984375,419.5967712402344,7723.55908203125,68902.140625,113.00550842285156,21888.42578125,18.343719482421875
2024-07-29,216.56509399414062,54725.66015625,7975.09619140625,421.037353515625,7569.607421875,68670.1640625,111.53621673583984,21831.48046875,18.270599365234375
2024-07-30,217.12078857421875,52550.07421875,8075.01025390625,417.2781982421875,7680.572265625,69404.109375,103.68000793457031,22028.287109375,18.3302001953125
2024-07-31,220.3756103515625,54211.73828125,8162.93359375,412.76910400390625,7908.50048828125,70438.8359375,116.96359252929688,22156.16015625,18.304779052734375
2024-08-01,216.68417358398438,52675.85546875,8074.01025390625,411.545654296875,7733.5556640625,69417.7109375,109.1573715209961,22170.1484375,18.195999145507812
2024-08-02,218.1726531982422,51281.4765625,7990.08349609375,403.0406188964844,7511.6259765625,68285.0,107.2182846069336,21826.484375,18.28219985961914
2024-08-05,207.6639404296875,50916.91015625,7865.19189453125,389.87860107421875,7458.642578125,68950.9453125,100.40159606933594,21741.5703125,18.34259033203125
2024-08-06,205.6395721435547,50932.63671875,7823.2275390625,394.2790832519531,7267.703125,67866.03125,104.19976043701172,21755.556640625,18.464399337768555
2024-08-07,208.20973205566406,50685.01171875,7887.17236328125,393.1148681640625,7517.6240234375,70083.453125,98.86233520507812,21768.54296875,18.487770080566406
2024-08-08,211.67291259765625,50990.61328125,7968.10205078125,397.3180236816406,8303.3759765625,71762.53125,104.9194107055664,21645.6640625,18.391340255737305
2024-08-09,214.58045959472656,,,400.6036071777344,,,104.69952392578125,,18.341690063476562
2024-08-12,216.11038208007812,51294.25,7948.11962890625,401.3830871582031,8287.380859375,73913.7578125,108.96746063232422,21593.716796875,18.29450035095215
2024-08-13,219.82598876953125,50703.68359375,8019.05859375,408.48699951171875,8330.3671875,73857.7734375,116.08403015136719,21678.630859375,18.242300033569336
2024-08-14,220.27305603027344,49259.82421875,8163.9326171875,411.29901123046875,8494.3154296875,72276.28125,118.02308654785156,21885.427734375,18.06909942626953
2024-08-15,223.25347900390625,49892.76171875,8260.8486328125,416.162109375,8603.28125,73014.4375,122.8008041381836,23201.1328125,18.04829978942871
2024-08-16,224.57479858398438,49312.89453125,8286.826171875,413.6317138671875,8862.19921875,73352.609375,124.51995849609375,23392.94140625,17.97170066833496
2024-08-19,224.41583251953125,50793.01953125,8452.6826171875,416.65631103515625,9025.1474609375,72996.8359375,129.93734741210938,23695.64453125,17.84984016418457
2024-08-20,225.03176879882812,51415.14453125,8386.740234375,419.8885192871094,8947.171875,72405.28125,127.18868255615234,23577.759765625,17.706899642944336
2024-08-21,224.92250061035156,52547.34765625,8437.6962890625,419.23614501953125,8945.1728515625,73484.3984375,128.4380645751953,23617.720703125,17.79400062561035
2024-08-22,223.064697265625,51846.60546875,8341.779296875,410.74542236328125,9008.1533203125,73867.375,123.68037414550781,23252.080078125,17.819700241088867
2024-08-23,225.35963439941406,51962.57421875,8502.6396484375,411.97113037109375,9589.96875,73994.359375,129.30764770507812,23737.6015625,18.003509521484375
2024-08-26,225.6973876953125,52625.9765625,8544.603515625,408.7092590332031,9630.9560546875,72463.6796875,126.3990478515625,24034.310546875,17.740299224853516
2024-08-27,226.54183959960938,52934.5859375,8612.544921875,409.05523681640625,9596.966796875,72877.2421875,128.23817443847656,24195.15234375,17.696699142456055
2024-08-28,225.01193237304688,51991.08203125,8622.53515625,405.85272216796875,9370.0380859375,71930.125,125.54946899414062,24155.19140625,17.711790084838867
2024-08-29,228.29039001464844,51597.953125,8664.4990234375,408.34356689453125,9253.0751953125,71865.7265625,117.5333251953125,24231.1171875,17.82617950439453
2024-08-30,227.5055389404297,50679.01171875,8590.5634765625,412.3171081542969,8883.1923828125,73549.3984375,119.31248474121094,23976.3671875,17.7273006439209
2024-09-02,,51458.390625,8542.6044921875,,8762.23046875,72859.6484375,,23879.46484375,17.821699142456055
2024-09-03,221.31617736816406,48842.125,8439.693359375,404.70611572265625,8607.279296875,72839.4453125,107.94795227050781,23485.8515625,17.79490089416504
2024-09-04,219.40872192382812,48651.46484375,8514.62890625,404.1723327636719,8755.232421875,71994.5078125,106.15880584716797,23821.51953125,17.938899993896484
2024-09-05,220.92874145507812,48586.59375,8500.640625,403.668212890625,9100.1240234375,72824.2421875,107.15833282470703,23468.8671875,17.86823081970215
2024-09-06,219.37892150878906,46782.140625,8472.6650390625,397.0555725097656,9189.095703125,70717.0078125,102.78044891357422,23337.998046875,17.692630767822266
2024-09-09,219.46835327148438,46629.8046875,8528.6171875,401.0291442871094,9152.107421875,70980.1875,106.41868591308594,23384.951171875,17.819599151611328
2024-09-10,218.67356872558594,45867.140625,8681.484375,409.41107177734375,9240.0791015625,70610.8203125,108.04788970947266,23702.63671875,17.863000869750977
2024-09-11,221.2069091796875,46053.87109375,8554.5947265625,418.14886474609375,9197.0927734375,70451.8359375,116.85365295410156,22774.701171875,17.93720054626465
2024-09-12,221.31617736816406,47146.765625,8612.544921875,422.0630798339844,9272.0693359375,70254.6484375,119.0927734375,22903.61328125,17.89419937133789
2024-09-13,221.0479736328125,47752.1796875,8352.76953125,425.611572265625,9372.0380859375,70174.25,119.05278778076172,23139.455078125,17.738800048828125
2024-09-16,214.9082794189453,47843.5859375,8264.8447265625,426.3529052734375,9249.0771484375,69554.6953125,116.73371124267578,23244.384765625,17.72566032409668
2024-09-17,215.37521362304688,48580.703125,8292.8212890625,430.11883544921875,9368.0390625,70751.0078125,115.54417419433594,23858.970703125,17.607999801635742
2024-09-18,219.24977111816406,48233.76171875,8350.7705078125,425.8290100097656,9433.0185546875,70494.625,113.32505798339844,24013.8671875,17.57859992980957
2024-09-19,227.37637329101562,50025.44140625,8322.7958984375,433.617919921875,9544.9833984375,73483.796875,117.82328033447266,24400.607421875,17.52829933166504
2024-09-20,226.71075439453125,48519.765625,8467.669921875,430.2374572753906,9571.974609375,73573.7890625,115.95401763916016,24321.66015625,17.500499725341797
2024-09-23,224.99205017089844,48026.390625,8578.57421875,428.4978332519531,9528.98828125,73615.5859375,116.21391296386719,24824.32421875,17.390649795532227
2024-09-24,225.8861846923828,,,424.2080078125,,,120.82209014892578,,17.324800491333008
2024-09-25,224.89268493652344,51762.08203125,8614.54296875,427.11395263671875,9591.96875,78269.4296875,123.46104431152344,24969.2265625,17.22949981689453
2024-09-26,226.03521728515625,54508.07421875,8527.6181640625,426.3232421875,9507.9951171875,83489.6328125,123.9908218383789,25025.189453125,17.264400482177734
2024-09-27,226.30340576171875,54807.83203125,8479.66015625,423.0712890625,9521.990234375,84390.171875,121.35187530517578,24628.455078125,17.175500869750977
2024-09-30,231.4794464111328,54955.25390625,8298.8154296875,425.324951171875,9180.0986328125,83891.609375,121.3918685913086,24218.73046875,17.087600708007812
2024-10-01,224.7337646484375,55393.59375,8201.900390625,415.8260803222656,8973.1640625,84737.140625,116.95361328125,23830.990234375,17.280550003051758
2024-10-02,225.30003356933594,56175.91796875,8206.8955078125,412.3072204589844,8848.203125,87660.1171875,118.80288696289062,23909.9375,17.403600692749023
2024-10-03,224.197265625,54642.71875,8167.9296875,411.72406005859375,8847.2041015625,87431.9375,122.80130767822266,23606.140625,17.34280014038086
2024-10-04,225.3199005126953,54348.859375,8157.93798828125,411.2495422363281,8581.2880859375,86611.796875,124.87047576904297,23722.064453125,17.48390007019043
2024-10-07,220.24325561523438,54497.26171875,8191.9091796875,404.8049621582031,8585.2861328125,88393.2578125,127.66937255859375,23747.046875,17.47330093383789
2024-10-08,224.296630859375,51645.12890625,8184.9150390625,409.9151611328125,8620.275390625,85423.484375,132.83731079101562,23781.025390625,17.37310028076172
2024-10-09,228.04200744628906,52187.640625,7886.24462890625,412.6333923339844,8647.2666015625,85552.8828125,132.597412109375,23636.12109375,17.579059600830078
2024-10-10,227.54527282714844,51635.30078125,7977.18994140625,411.0320739746094,8699.25,84406.5703125,134.75656127929688,23684.08984375,17.639999389648438
2024-10-11,226.0650177001953,51936.0390625,8215.0458984375,411.5065612792969,8787.22265625,83977.59375,134.74656677246094,24163.765625,17.516359329223633
2024-10-14,229.79054260253906,51892.796875,8233.0361328125,414.2939758300781,8685.2548828125,84974.7265625,138.01527404785156,24320.662109375,17.458560943603516
2024-10-15,232.3238983154297,50483.43359375,8247.0263671875,413.8985900878906,8661.2626953125,81993.75,131.54783630371094,24279.689453125,17.542600631713867
2024-10-16,230.26736450195312,51155.68359375,8287.0029296875,411.3088684082031,8831.208984375,82592.1015625,135.66619873046875,24102.80859375,17.642200469970703
2024-10-17,230.63499450683594,52771.43359375,8204.0537109375,411.9019470214844,8949.171875,81702.3671875,136.87570190429688,23751.044921875,17.633399963378906
2024-10-18,233.46636962890625,53724.76953125,8269.013671875,413.3252868652344,9147.109375,83779.015625,137.94529724121094,23882.955078125,17.64590072631836
2024-10-21,234.93670654296875,53231.39453125,8227.0400390625,413.9381103515625,9032.1455078125,82829.8828125,143.6530303955078,23943.916015625,17.579200744628906
2024-10-22,234.32077026367188,53470.21484375,8166.07568359375,422.56719970703125,9012.1513671875,83297.4453125,143.5330810546875,23734.056640625,17.599700927734375
2024-10-23,229.25405883789062,52858.90234375,8172.072265625,419.69085693359375,8916.181640625,83529.8359375,139.50466918945312,23663.103515625,17.523799896240234
2024-10-24,229.06529235839844,54151.30859375,8294.998046875,419.8193664550781,8897.1875,82555.703125,140.35433959960938,23822.99609375,17.776199340820312
2024-10-25,229.8998260498047,55098.75,8064.1376953125,423.19976806640625,8898.1875,84421.96875,141.48388671875,23758.0390625,17.654399871826172
2024-10-28,231.87681579589844,55876.15234375,7961.19921875,421.6578063964844,8858.2001953125,84758.328125,140.4643096923828,24227.72265625,17.65553092956543
2024-10-29,232.14508056640625,56154.29296875,7623.4033203125,426.9559020996094,8674.2587890625,86021.84375,141.19400024414062,23933.921875,17.69202995300293
2024-10-30,228.59835815429688,54367.53125,7732.33740234375,427.5291748046875,8756.232421875,84322.96875,139.28475952148438,24266.69921875,17.648000717163086
2024-10-31,224.4357147216797,53402.40625,7705.35400390625,401.6518249511719,8750.234375,82877.078125,132.70736694335938,24139.783203125,17.64529037475586
2024-11-01,221.45526123046875,53997.01171875,7744.330078125,405.6253662109375,8739.23828125,84319.7734375,135.34632873535156,24525.525390625,17.595699310302734
2024-11-04,220.56114196777344,54276.125,7736.3349609375,403.7374572753906,8865.1982421875,83593.6328125,135.99607849121094,24810.33203125,17.56399917602539
2024-11-05,221.9917449951172,54035.33984375,7731.337890625,406.7027893066406,8681.255859375,84682.75,139.8545379638672,24945.2421875,17.502399444580078
2024-11-06,221.2665252685547,53320.828125,7694.3603515625,415.3219299316406,8472.322265625,83037.46875,145.5522918701172,24543.51171875,17.369699478149414
2024-11-07,225.99545288085938,54872.703125,7892.2412109375,420.51123046875,8382.3505859375,82859.28125,148.8209991455078,24443.580078125,17.665700912475586
2024-11-08,225.7269287109375,52700.671875,7877.25,417.6546630859375,8424.3369140625,81658.3828125,147.57147216796875,24138.78515625,17.282550811767578
2024-11-11,223.01173400878906,52931.63671875,7821.28369140625,413.1770324707031,8314.3720703125,82062.5390625,145.20240783691406,24040.849609375,17.613649368286133
2024-11-12,223.01173400878906,50596.453125,7756.3232421875,418.13897705078125,8403.34375,82268.9296875,148.23118591308594,24149.77734375,17.90839958190918
2024-11-13,223.8968963623047,50737.984375,7655.3837890625,420.283935546875,8424.3369140625,81872.7578125,146.21202087402344,24153.7734375,18.10110092163086
2024-11-14,226.98007202148438,50592.5234375,7660.380859375,421.954345703125,8161.42041015625,82800.2890625,146.7018280029297,24145.779296875,18.225299835205078
2024-11-15,223.777587890625,51871.171875,7620.4052734375,410.2018127441406,8203.4072265625,82155.9453125,141.9237060546875,23947.912109375,14.860369682312012
2024-11-18,226.7811737060547,51489.83984375,7625.40234375,410.9530334472656,8347.361328125,82749.296875,140.0944366455078,23967.8984375,18.166549682617188
2024-11-19,227.03973388671875,51917.36328125,7648.38818359375,412.9595947265625,8333.3662109375,82155.9453125,146.95172119140625,23950.91015625,17.938100814819336
2024-11-20,227.75582885742188,53051.5390625,7732.33740234375,410.6861267089844,8235.3974609375,82193.734375,145.83216857910156,24453.572265625,18.026399612426758
2024-11-21,227.2784423828125,52217.12890625,7854.26416015625,408.9132995605469,8177.41552734375,81900.15625,146.6118621826172,24699.40625,18.10890007019043
2024-11-22,228.62110900878906,52539.484375,7787.3046875,413.0037536621094,8037.45947265625,81167.8125,141.89373779296875,24415.599609375,18.097299575805664
2024-11-25,231.6048126220703,53198.9609375,7760.3203125,414.776611328125,8121.43310546875,81753.765625,135.96607971191406,24203.740234375,17.997129440307617
2024-11-26,233.78292846679688,53156.69921875,7905.2333984375,423.888427734375,8126.431640625,82393.71875,136.86570739746094,24071.828125,17.984699249267578
2024-11-27,233.6536102294922,54299.71484375,7861.259765625,418.9363098144531,8120.43359375,82527.90625,135.28634643554688,23695.08203125,18.179899215698242
2024-11-28,,53968.5078125,7893.240234375,,8145.42529296875,81523.78125,,23827.994140625,18.171199798583984
2024-11-29,236.0405731201172,55858.46875,7689.36376953125,419.4018249511719,8071.44873046875,81353.796875,138.19520568847656,23672.09765625,18.080699920654297
2024-12-02,238.28831481933594,57832.9453125,7781.3076171875,426.84979248046875,8147.4248046875,85393.2890625,138.57504272460938,23405.27734375,18.091520309448242
2024-12-03,241.3316650390625,57986.265625,7733.3369140625,427.0676574707031,8075.44775390625,85813.2578125,140.20440673828125,22744.720703125,18.128400802612305
2024-12-04,241.68971252441406,56693.859375,7818.28564453125,433.22802734375,8275.384765625,86207.6484375,145.08245849609375,22892.62109375,18.09830093383789
2024-12-05,241.71957397460938,56652.5859375,8022.16259765625,438.3782043457031,8464.3251953125,87795.7734375,145.0124969482422,23237.388671875,18.15488052368164
2024-12-06,241.5206298828125,55873.203125,7964.19775390625,439.3191223144531,8538.3017578125,88238.953125,142.3933563232422,23208.408203125,18.008699417114258
2024-12-09,245.40939331054688,57365.12890625,8005.17333984375,441.7456359863281,8455.3271484375,88600.3359375,138.76454162597656,23327.330078125,18.002099990844727
2024-12-10,246.4238739013672,56221.125,8059.140625,439.0813903808594,8594.283203125,87385.7890625,135.0257568359375,23216.404296875,17.774030685424805
2024-12-11,245.1508331298828,56425.55078125,8021.16357421875,444.6871643066406,8500.3134765625,87208.0,139.26437377929688,22934.59375,17.801300048828125
2024-12-12,246.6128387451172,56193.60546875,8014.16748046875,445.2516784667969,8584.287109375,87507.5859375,137.29501342773438,22860.642578125,17.686100006103516
2024-12-13,246.7819061279297,55170.49609375,8134.09521484375,442.983642578125,8741.2373046875,88855.3203125,134.20602416992188,22953.580078125,17.77440071105957
2024-12-16,249.6761016845703,,,447.26226806640625,,,131.95675659179688,,17.822280883789062
2024-12-17,252.1028289794922,55234.37890625,7854.26416015625,450.1047058105469,8377.3525390625,88907.1171875,130.3472900390625,22573.8359375,17.837099075317383
2024-12-18,246.7023468017578,54514.953125,7888.24365234375,433.1983337402344,8468.3232421875,87473.7890625,128.86778259277344,22689.755859375,18.079700469970703
2024-12-19,248.432861328125,53340.484375,7737.33447265625,432.8417663574219,8219.40234375,86615.828125,130.63719177246094,22410.9453125,18.32200050354004
2024-12-20,253.10736083984375,51842.671875,7704.35400390625,432.4159240722656,8249.392578125,84395.9375,134.65586853027344,22528.865234375,18.391599655151367
2024-12-23,253.8831024169922,52978.8125,7710.35107421875,431.078857421875,8186.41259765625,85817.0703125,139.62423706054688,22520.87109375,18.271150588989258
2024-12-24,256.7972106933594,53523.2890625,7755.3232421875,435.11968994140625,8456.3271484375,85495.8828125,140.174072265625,22532.86328125,18.535310745239258
2024-12-25,,,,,,,,,18.678489685058594
2024-12-26,257.61273193359375,,,433.9114074707031,,,139.8841552734375,,18.688199996948242
2024-12-27,254.20135498046875,54116.91015625,7683.36669921875,426.404052734375,9286.0654296875,84937.90625,136.96511840820312,22306.015625,18.835800170898438
2024-12-30,250.8297882080078,53705.11328125,7655.3837890625,420.7586669921875,9284.0654296875,83013.0,137.4449462890625,22124.138671875,18.654499053955078
2024-12-31,249.05946350097656,54236.81640625,7591.42236328125,417.46063232421875,9196.09375,83460.375,134.2460174560547,22161.111328125,18.76490020751953
2025-01-02,242.52517700195312,54140.49609375,7625.40234375,414.5685729980469,9258.07421875,82259.640625,138.26470947265625,22240.05859375,18.82015037536621
2025-01-03,242.03781127929688,53854.50390625,7712.34912109375,419.29290771484375,9333.0498046875,82837.40625,144.4226837158203,22463.91015625,18.739599227905273
2025-01-06,243.66891479492188,54505.125,7707.3525390625,423.749755859375,9396.0302734375,83196.7890625,149.3810577392578,22555.84765625,18.75200080871582
2025-01-07,240.89407348632812,54531.6640625,7720.3447265625,418.3222961425781,9327.0517578125,74797.1953125,140.09410095214844,22534.861328125,18.54509925842285
2025-01-08,241.38140869140625,54158.1875,7608.412109375,420.4913024902344,8886.19140625,73003.8828125,140.06410217285156,21978.236328125,18.683300018310547
2025-01-09,,55741.51171875,7510.47119140625,,9043.1416015625,73872.046875,,22041.193359375,18.90591049194336
2025-01-10,235.5631866455078,55853.5546875,7464.4990234375,414.93505859375,9025.1474609375,73054.8828125,135.86549377441406,21758.3828125,18.935609817504883
2025-01-13,233.12649536132812,56243.73046875,7338.5751953125,413.1919250488281,8791.2216796875,71275.171875,133.18637084960938,21568.509765625,19.090150833129883
2025-01-14,232.01258850097656,55730.703125,7353.56591796875,411.6864929199219,9725.92578125,71941.1328125,131.71682739257812,21494.560546875,18.98550033569336
2025-01-15,236.57765197753906,55570.5,7534.45654296875,422.22454833984375,9914.8662109375,73626.0546875,136.1953887939453,22084.166015625,16.498899459838867
2025-01-16,227.01986694335938,55522.34375,7471.4951171875,420.5110778808594,9921.8642578125,73016.484375,133.5262451171875,21801.35546875,18.756999969482422
2025-01-17,228.73049926757812,57459.4765625,7640.392578125,424.91845703125,10301.744140625,73836.4453125,137.66490173339844,22275.03515625,15.43019962310791
2025-01-20,,58160.2265625,7640.392578125,,10402.7119140625,75322.375,,22085.162109375,18.731700897216797
2025-01-21,221.43040466308594,57572.5,7801.2958984375,424.3935546875,10940.5419921875,74228.8203125,140.78387451171875,22179.099609375,18.495670318603516
2025-01-22,222.6139373779297,57463.41015625,7761.3203125,441.9239196777344,11091.494140625,74179.6328125,147.02183532714844,21930.267578125,18.47960090637207
2025-01-23,222.44485473632812,56903.203125,7697.35888671875,442.4290466308594,11187.4638671875,73995.4375,147.17178344726562,21509.548828125,18.493900299072266
2025-01-24,221.5696258544922,57297.3125,7580.42919921875,439.804443359375,11279.4345703125,75190.7734375,142.5732879638672,21509.548828125,18.504539489746094
2025-01-27,228.61117553710938,55025.03515625,7515.46826171875,430.39544677734375,11261.4404296875,76666.1015625,118.38121032714844,21539.529296875,18.479080200195312
2025-01-28,236.96551513671875,54448.1171875,7581.42822265625,442.91436767578125,11300.4287109375,77355.4765625,128.94775390625,21643.4609375,18.741500854492188
2025-01-29,238.05955505371094,53694.30078125,7628.400390625,438.0910339355469,11498.3662109375,78456.21875,123.65947723388672,21897.2890625,18.65959930419922
2025-01-30,236.29916381835938,53443.68359375,7673.373046875,411.01300048828125,11816.265625,78051.4453125,124.60917663574219,21925.271484375,18.518299102783203
2025-01-31,234.71778869628906,54050.078125,7618.40625,411.0823059082031,11495.3671875,78948.3984375,120.03067016601562,21776.37109375,18.56730079650879
2025-02-03,226.77120971679688,53052.51953125,7535.45654296875,406.9820556640625,11496.3662109375,78030.4453125,116.62179565429688,21295.6953125,18.99449920654297
2025-02-04,231.53518676757812,53623.5390625,7515.46826171875,408.4181213378906,11546.3505859375,80127.5390625,118.61112976074219,21782.3671875,18.733409881591797
2025-02-05,231.20697021484375,53098.71484375,7463.49951171875,409.3293151855469,11621.3271484375,80126.5390625,124.78912353515625,21786.36328125,18.65938949584961
2025-02-06,231.95291137695312,55757.23828125,7587.4248046875,411.8350830078125,11560.345703125,80560.515625,128.6378631591797,22084.166015625,18.532800674438477
2025-02-07,226.39329528808594,56056.0078125,7620.4052734375,405.8232116699219,11539.3525390625,81909.2578125,129.79747009277344,22139.126953125,18.43779945373535
2025-02-10,226.66207885742188,56116.9453125,7600.4169921875,408.2695617675781,11430.3876953125,82795.015625,133.5262451171875,21961.24609375,18.525070190429688
2025-02-11,231.61053466796875,54349.83984375,7575.43212890625,407.4970397949219,11705.30078125,82896.0078125,132.75650024414062,21763.37890625,18.419830322265625
2025-02-12,235.84210205078125,55056.48828125,7553.4453125,405.1200256347656,11696.302734375,84412.140625,131.0970458984375,21685.431640625,18.497589111328125
2025-02-13,240.48187255859375,56139.55078125,7473.4931640625,406.60565185546875,11478.3720703125,85830.8671875,135.24566650390625,21692.427734375,18.511869430541992
2025-02-14,243.53855895996094,56905.16796875,7395.54052734375,404.5158386230469,11166.470703125,91995.5703125,138.8045196533203,21861.3125,18.481199264526367
2025-02-17,,56905.16796875,7348.56884765625,,11223.453125,94044.265625,,21857.31640625,18.34600067138672
2025-02-18,243.4091339111328,55535.12109375,7342.572265625,405.7142639160156,11358.41015625,97050.53125,139.35433959960938,21998.220703125,18.406410217285156
2025-02-19,243.80735778808594,54482.51953125,7217.64794921875,410.79510498046875,11321.421875,96177.1640625,139.18438720703125,21738.396484375,18.395200729370117
2025-02-20,244.76321411132812,56138.56640625,7212.65087890625,412.9684753417969,11311.4248046875,97232.5234375,140.06410217285156,21676.4375,18.510400772094727
2025-02-21,244.48443603515625,55776.89453125,7253.62646484375,405.108642578125,11435.3857421875,98747.640625,134.38595581054688,21899.2890625,18.319000244140625
2025-02-24,246.0277099609375,54075.6328125,7180.669921875,400.93060302734375,11644.3193359375,91171.2109375,130.23733520507812,21770.375,18.36716079711914
2025-02-25,245.9679718017578,53956.71484375,7189.6650390625,394.8769836425781,11896.240234375,91082.2109375,126.5885238647461,22051.185546875,18.361499786376953
2025-02-26,239.31695556640625,54546.40234375,7272.61474609375,396.6930847167969,11843.2568359375,92695.5390625,131.23699951171875,22590.82421875,18.410999298095703
2025-02-27,236.27024841308594,54075.6328125,7153.6865234375,389.5477600097656,11724.2939453125,92099.9609375,120.11064910888672,22175.103515625,18.366249084472656
2025-02-28,240.79054260253906,53480.04296875,7066.73876953125,393.9739074707031,11818.2646484375,88669.125,124.87907409667969,21782.3671875,18.42913055419922
2025-03-03,236.9970703125,55577.37890625,7212.65087890625,385.5384826660156,11801.2705078125,90495.640625,114.02263641357422,22095.158203125,18.638320922851562
2025-03-04,234.9061737060547,53976.37109375,7187.666015625,385.65753173828125,11544.3515625,91037.21875,115.9520034790039,21985.23046875,18.603500366210938
2025-03-05,234.7169952392578,55527.2578125,7160.68212890625,397.9732666015625,11656.3154296875,93490.8984375,117.2615737915039,22434.9296875,18.470399856567383
2025-03-06,234.30877685546875,56463.8828125,7169.6767578125,393.8746643066406,11551.3486328125,98512.859375,110.53378295898438,22024.205078125,18.295799255371094
2025-03-07,238.03256225585938,55020.125,7407.53369140625,390.3218688964844,11529.3564453125,96470.1484375,112.65309143066406,22225.0703125,18.12347984313965
2025-03-10,226.4928436279297,52679.046875,7392.54248046875,377.2717590332031,11401.396484375,92308.953125,106.94495391845703,22070.173828125,18.258329391479492
2025-03-11,219.8816680908203,52139.484375,7267.61767578125,377.5595397949219,11288.4326171875,92616.9375,108.72437286376953,21908.28125,18.32900047302246
2025-03-12,216.0384063720703,52135.22265625,7255.62451171875,380.35809326171875,11152.4755859375,93216.7109375,115.71273040771484,21997.22265625,18.194690704345703
2025-03-13,208.77008056640625,52652.23046875,7293.60205078125,375.8923034667969,11174.4677734375,92821.1328125,115.55277252197266,23035.525390625,18.334199905395508
2025-03-14,212.5635528564453,53513.25390625,7415.52880859375,385.60791015625,11338.416015625,94307.6640625,121.6413345336914,23790.017578125,18.27400016784668
2025-03-17,213.07135009765625,53958.5078125,7450.50732421875,385.7469177246094,11515.3603515625,94612.6484375,119.50183868408203,23610.140625,18.19611930847168
2025-03-18,211.76702880859375,54279.9140625,7395.54052734375,380.6062316894531,11493.3671875,96235.3671875,115.40280151367188,23943.916015625,18.075090408325195
2025-03-19,214.30596923828125,54424.40625,7440.51318359375,384.87359619140625,11656.3154296875,97720.296875,117.49230194091797,24094.8125,18.105690002441406
2025-03-20,213.17091369628906,54434.23046875,7433.517578125,383.9010314941406,11801.2705078125,92777.1328125,118.50206756591797,24198.7421875,18.09950065612793
2025-03-21,217.3228302001953,,,388.28741455078125,,,117.6722640991211,,18.15290069580078
2025-03-24,219.7721405029297,53497.52734375,7336.576171875,390.0935974121094,12485.0537109375,93534.6953125,121.38140106201172,24049.84375,18.20587921142578
2025-03-25,222.77902221679688,55333.59375,7487.4853515625,392.1578063964844,12636.005859375,92745.1328125,120.66156768798828,24390.615234375,18.243070602416992
2025-03-26,220.5686798095703,55171.4140625,7573.43310546875,387.0072326660156,12653.0009765625,92940.3203125,113.73320007324219,24798.33984375,18.270610809326172
2025-03-27,222.8786163330078,53585.98828125,7549.44775390625,387.6125793457031,12290.115234375,94531.2421875,111.40375518798828,24658.43359375,18.26959991455078
2025-03-28,216.9544219970703,52209.921875,7291.60302734375,375.9220886230469,12490.052734375,92022.171875,109.6441650390625,24114.80078125,18.205350875854492
2025-03-31,221.1660614013672,50221.5078125,7179.6708984375,372.5379943847656,12319.1064453125,90355.6484375,108.35446166992188,23924.927734375,18.41119956970215
2025-04-01,222.22145080566406,49821.46484375,7341.5732421875,379.28631591796875,12408.078125,92084.359375,110.12405395507812,24139.783203125,18.30838966369629
2025-04-02,222.91842651367188,51114.96484375,6932.8876953125,379.2367248535156,12090.1787109375,93700.0859375,110.39398193359375,23124.46484375,18.477970123291016
2025-04-03,202.30825805664062,48459.16015625,6561.0009765625,370.2752990722656,11305.4267578125,92459.546875,101.7760238647461,21976.236328125,18.94409942626953
2025-04-04,187.56253051757812,44433.1796875,6288.083984375,357.10614013671875,10548.666015625,88302.953125,94.28778076171875,21230.73828125,18.739099502563477
2025-04-07,180.6725616455078,45377.75,6455.033203125,355.14117431640625,10351.728515625,86315.84375,97.61698913574219,21884.298828125,19.27482032775879
2025-04-08,171.6717987060547,45355.14453125,6790.93115234375,351.86627197265625,10914.55078125,86453.0390625,96.27731323242188,22484.89453125,19.55769920349121
2025-04-09,197.98709106445312,43988.91015625,6621.982421875,387.5232849121094,10400.0,84929.109375,114.30306243896484,20224.275390625,19.75782012939453
2025-04-10,189.5936737060547,47489.03125,6882.90283203125,378.45269775390625,10650.0,86656.625,107.5446548461914,21398.884765625,19.412220001220703
2025-04-11,197.29013061523438,47965.7421875,6654.97265625,385.4988098144531,10455.0,85741.8671875,110.90386199951172,20984.0234375,19.48649024963379
2025-04-14,201.6411590576172,48752.0625,6995.86865234375,384.8636169433594,11028.0,89838.46875,110.68391418457031,22215.61328125,19.118560791015625
2025-04-15,201.2628173828125,50147.7890625,7083.841796875,382.7994689941406,11038.0,89779.6796875,112.1735610961914,22177.626953125,18.871400833129883
2025-04-16,193.4269561767578,49012.53125,6934.88720703125,368.7867126464844,11197.0,89212.703125,104.46538543701172,22240.60546875,19.026330947875977
2025-04-17,196.12521362304688,48998.76953125,6965.8779296875,364.9858093261719,11003.0,90175.65625,101.46607971191406,22422.544921875,18.780250549316406
2025-04-21,192.32177734375,,,356.3916320800781,,,96.88717651367188,,
2025-04-22,198.87322998046875,50004.28515625,6982.87255859375,364.0331115722656,11179.0,91277.8046875,98.86669921875,22492.521484375,18.697460174560547
2025-04-23,203.71212768554688,51602.48828125,7044.853515625,371.5456237792969,11124.0,95458.40625,102.68580627441406,22767.4296875,18.607519149780273
2025-04-24,207.46575927734375,52730.859375,7107.83447265625,384.35748291015625,11312.0,95637.390625,106.40492248535156,22781.42578125,18.659400939941406
2025-04-25,208.371826171875,52492.015625,7147.822265625,388.8729553222656,11552.0,97976.8828125,110.98385620117188,228.92388916015625,18.749309539794922
2025-04-28,209.22808837890625,,,388.1882019042969,,,108.70439147949219,,18.6824893951416
2025-04-29,210.29347229003906,52177.48828125,7320.76953125,391.04632568359375,11931.0,96695.34375,108.99430847167969,23328.244140625,18.49449920654297
2025-04-30,211.57785034179688,49420.4375,7260.78759765625,392.25701904296875,12271.0,97841.0859375,108.89433288574219,23163.298828125,18.513200759887695
2025-05-01,212.39430236816406,,,422.16802978515625,,,111.58370208740234,,18.53898048400879
2025-05-02,204.45889282226562,51455.05078125,7356.7587890625,431.9729919433594,12195.0,101508.5078125,114.47303009033203,23618.1484375,18.540700912475586
2025-05-05,198.02691650390625,50565.5234375,7336.7646484375,432.8562316894531,11870.0,100185.171875,113.79318237304688,23057.333984375,18.40369987487793
2025-05-06,197.6485595703125,49582.6171875,7207.80419921875,430.0179138183594,11996.0,101577.109375,113.51325988769531,22610.482421875,18.259660720825195
2025-05-07,195.3983612060547,49489.23828125,7210.80322265625,430.0576477050781,11825.0,99255.21875,117.03242492675781,22662.46484375,18.19230079650879
2025-05-08,196.63299560546875,48594.80078125,7169.8154296875,434.84100341796875,11913.0,99627.8046875,117.34236145019531,22404.55078125,18.25079917907715
2025-05-09,197.66848754882812,49219.92578125,7280.78173828125,435.39678955078125,11827.0,101705.8984375,116.62252044677734,22526.509765625,18.2106990814209
2025-05-12,210.15048217773438,51224.0703125,7448.73046875,445.8467712402344,11888.0,105852.1015625,122.97102355957031,23225.279296875,18.201749801635742
2025-05-13,212.28399658203125,53406.1171875,7407.7431640625,445.7276916503906,12058.0,106739.2578125,129.89938354492188,23319.248046875,18.24401092529297
2025-05-14,211.68582153320312,52487.1015625,7355.7587890625,449.498779296875,11950.0,108794.7578125,135.30810546875,23099.3203125,18.297489166259766
2025-05-15,210.80850219726562,50603.8515625,7507.71240234375,450.512939453125,12016.0,106196.6796875,134.79823303222656,23420.212890625,18.215930938720703
2025-05-16,210.61907958984375,48928.984375,7596.685546875,451.6463317871094,12130.0,106640.0703125,135.36810302734375,23306.251953125,17.99720001220703
2025-05-19,208.14659118652344,48835.60546875,7392.74755859375,456.2197570800781,11997.0,105394.921875,135.53805541992188,22911.3828125,18.04216957092285
2025-05-20,206.232421875,49556.078125,7352.759765625,455.5238342285156,12260.0,104294.7734375,134.3483428955078,22691.455078125,18.0698299407959
2025-05-21,201.47689819335938,50442.66015625,7311.7724609375,449.9561767578125,12104.0,105029.7421875,131.76895141601562,22790.423828125,17.92137908935547
2025-05-22,200.74911499023438,50186.12109375,7267.78564453125,452.23291015625,12000.0,104994.9453125,132.7987060546875,22587.490234375,17.97150993347168
2025-05-23,194.6775665283203,52118.51171875,7197.80712890625,447.5799560546875,12176.0,103062.8359375,131.25906372070312,22649.470703125,18.005889892578125
2025-05-26,,53637.09765625,7366.75537109375,,11969.0,103564.4140625,,22863.3984375,17.811899185180664
2025-05-27,199.60260009765625,52657.14453125,7374.7529296875,458.0292663574219,12032.0,104784.953125,135.4680633544922,22752.435546875,17.830799102783203
2025-05-28,199.8119659423828,52192.23046875,7428.73681640625,454.7184753417969,12497.0,103573.8046875,134.7782440185547,23160.30078125,17.946870803833008
2025-05-29,199.34336853027344,51898.33984375,7534.70458984375,456.0308837890625,12800.0,104924.34375,139.15721130371094,23501.1875,17.964099884033203
2025-05-30,200.24066162109375,52777.05859375,7448.73046875,457.701171875,12500.0,103271.8203125,135.09817504882812,23316.248046875,17.782249450683594
2025-06-02,201.08807373046875,53824.56640625,7409.74267578125,459.3018798828125,12569.0,103467.4140625,137.34764099121094,23117.314453125,17.967790603637695
2025-06-03,202.6533203125,52598.59765625,7403.744140625,460.29608154296875,13133.0,103925.390625,141.1867218017578,23059.333984375,17.830699920654297
2025-06-04,202.20468139648438,53213.58203125,7447.73095703125,461.1908874511719,13186.0,107029.640625,141.88656616210938,23235.275390625,17.84756088256836
2025-06-05,200.0213165283203,55238.52734375,7517.70947265625,464.9788818359375,13024.0,108371.3828125,139.95703125,23164.298828125,17.808429718017578
2025-06-06,203.30133056640625,53272.58203125,7621.677734375,467.6632995605469,13014.0,107162.6328125,141.6865997314453,23398.220703125,17.704139709472656
2025-06-09,200.8388214111328,52568.59765625,7548.7001953125,470.0196228027344,13071.0,108630.765625,142.59640502929688,23445.205078125,17.766019821166992
2025-06-10,202.0551300048828,52580.59765625,7669.6630859375,468.2001953125,13309.0,108270.390625,143.92608642578125,23792.08984375,17.70840072631836
2025-06-11,198.1769256591797,51692.625,7470.7236328125,469.8903503417969,13174.0,108710.1640625,142.80625915527344,23324.24609375,17.68400001525879
2025-06-12,198.5956573486328,51258.6328125,7496.7158203125,476.104248046875,13424.0,108735.3671875,144.9759063720703,23528.177734375,17.68670082092285
2025-06-13,195.85400390625,50723.6484375,7222.79931640625,472.2168273925781,13250.0,106244.8828125,141.9464111328125,22738.439453125,17.7549991607666
2025-06-16,197.81802368164062,,,476.37274169921875,,,144.66595458984375,,17.931970596313477
2025-06-17,195.0464630126953,51038.640625,7183.8115234375,475.2790832519531,12670.0,106603.46875,144.09603881835938,22700.453125,17.815589904785156
2025-06-18,195.9835968017578,50487.65234375,7223.79931640625,477.4663391113281,12821.0,106886.453125,145.455810546875,22690.45703125,17.983699798583984
2025-06-19,,49348.68359375,7257.78857421875,,12712.0,104556.7578125,,22646.470703125,18.018999099731445
2025-06-20,200.3902130126953,48898.6953125,7257.78857421875,474.6427307128906,12699.0,104702.9609375,143.8260955810547,22732.44140625,17.99456024169922
2025-06-23,200.888671875,48828.69921875,7117.83154296875,483.1930847167969,12721.0,108137.9921875,144.1460418701172,22427.54296875,18.061199188232422
2025-06-24,199.6923065185547,49703.67578125,7433.7353515625,487.2793273925781,13149.0,110212.6953125,147.87539672851562,23444.205078125,17.814800262451172
2025-06-25,200.948486328125,48923.6953125,7487.71875,489.4268798828125,13190.0,110156.4921875,154.28436279296875,22781.42578125,17.721599578857422
2025-06-26,200.3902130126953,52468.6015625,7500.71484375,494.57696533203125,13999.0,110306.2890625,154.99423217773438,22498.51953125,17.7007999420166
2025-06-27,200.469970703125,52176.61328125,7576.69140625,493.07568359375,14000.0,110127.8984375,157.72378540039062,22812.416015625,17.860599517822266
2025-06-30,204.5475311279297,52563.59765625,7566.69482421875,494.53717041015625,14084.0,110302.2890625,157.96376037597656,22745.4375,17.77079963684082
2025-07-01,207.18951416015625,52226.609375,7617.67919921875,489.2080993652344,14200.0,109412.328125,153.2745361328125,22767.4296875,17.705299377441406
2025-07-02,211.7954864501953,54698.54296875,7494.716796875,488.2536926269531,13887.0,108375.1796875,157.22386169433594,22503.517578125,17.592470169067383
2025-07-03,212.90211486816406,53612.57421875,7557.697265625,495.9589538574219,14044.0,107653.609375,159.3135223388672,22821.412109375,17.559099197387695
2025-07-04,,53156.58203125,7478.7216796875,,13997.0,107180.234375,,22642.47265625,17.503400802612305
2025-07-07,209.31304931640625,52943.58984375,7418.73974609375,494.84539794921875,14167.0,109119.5390625,158.21371459960938,22549.50390625,17.58970069885254
2025-07-08,209.3728485107422,53833.56640625,7522.7080078125,493.7517395019531,14244.0,110527.078125,159.97341918945312,22683.458984375,17.85569953918457
2025-07-09,210.4994354248047,52452.6015625,7561.6962890625,500.60198974609375,14364.0,109364.1328125,162.85293579101562,22740.439453125,17.77581024169922
2025-07-10,211.7655792236328,54383.55078125,7507.71240234375,498.58367919921875,14338.0,109104.9453125,164.07273864746094,22689.45703125,17.80755043029785
2025-07-11,210.51937866210938,54353.55078125,7272.7841796875,500.4130554199219,14230.0,110114.6953125,164.89259338378906,22069.662109375,17.721099853515625
2025-07-14,207.987060546875,53650.5703125,7206.80419921875,500.1147766113281,14266.0,108414.578125,164.04273986816406,21984.69140625,17.927900314331055
2025-07-15,208.4755859375,52983.58984375,7325.76806640625,502.89862060546875,13985.0,110902.2578125,170.671630859375,22077.66015625,17.903799057006836
2025-07-16,209.52239990234375,52954.58984375,7447.73095703125,502.6997985839844,14317.0,109792.109375,171.34152221679688,22361.56640625,17.894420623779297
2025-07-17,209.38282775878906,52866.58984375,7488.71826171875,508.7446594238281,14564.0,110080.4921875,172.97125244140625,22691.455078125,17.822900772094727
2025-07-18,210.539306640625,53298.58203125,7664.66455078125,507.1041564941406,14595.0,111656.828125,172.38136291503906,23198.287109375,17.801700592041016
2025-07-21,211.83535766601562,55043.53515625,7580.6904296875,507.1141357421875,14480.0,112834.1640625,171.35153198242188,23062.33203125,17.7007999420166
2025-07-22,213.74952697753906,55585.51953125,7532.705078125,502.3517761230469,14420.0,112094.6015625,167.00225830078125,22793.421875,17.597200393676758
2025-07-23,213.5002899169922,56213.5,7435.734375,502.94830322265625,14033.0,118000.3203125,170.75161743164062,22942.373046875,17.550899505615234
2025-07-24,213.11148071289062,55899.5078125,7496.7158203125,507.9294128417969,14308.0,118126.9140625,173.7111358642578,23093.322265625,17.511699676513672
2025-07-25,213.23110961914062,54820.5390625,7496.7158203125,510.7430725097656,14145.0,116332.3984375,173.47117614746094,22836.408203125,17.613100051879883
2025-07-28,213.40061950683594,53833.56640625,7527.70654296875,509.5400085449219,14258.0,115016.4609375,176.7206268310547,22966.365234375,17.738100051879883
2025-07-29,210.62904357910156,53213.58203125,7521.70849609375,509.609619140625,14585.0,114994.4609375,175.4808349609375,23109.31640625,17.88990020751953
2025-07-30,208.41578674316406,52978.58984375,7652.66845703125,510.2757568359375,14520.0,113340.5390625,179.24021911621094,23339.240234375,17.867700576782227
2025-07-31,206.9402618408203,51083.63671875,7743.640625,530.4187622070312,15335.0,112902.9609375,177.84043884277344,23433.208984375,17.981779098510742
2025-08-01,201.76600646972656,49477.6796875,7578.69091796875,521.0829467773438,15566.0,108572.171875,173.69113159179688,23349.236328125,18.210580825805664
2025-08-04,202.7330780029297,49324.68359375,7763.634765625,532.5463256835938,15382.0,111483.03125,179.9700927734375,23184.29296875,18.012100219726562
2025-08-05,202.3043670654297,49595.6796875,7589.6875,524.7019653320312,15404.0,111581.0234375,178.23037719726562,22966.365234375,17.919700622558594
2025-08-06,212.60302734375,50245.6640625,7647.669921875,521.908203125,15915.0,112226.796875,179.3901824951172,22867.396484375,17.891599655151367
2025-08-07,219.36245727539062,50718.6484375,7642.67138671875,517.8318481445312,16762.0,112260.390625,180.73995971679688,22892.388671875,17.77482032775879
2025-08-08,228.6541748046875,51523.62890625,7565.69482421875,519.0249633789062,16500.0,111959.0078125,182.6696319580078,23074.328125,17.6931095123291
2025-08-11,226.747802734375,51259.6328125,7617.67919921875,518.7565307617188,16684.0,111684.015625,182.0297393798828,23242.2734375,17.732099533081055
2025-08-12,229.21310424804688,51613.625,7710.65087890625,526.183349609375,17200.0,112321.1953125,183.1295623779297,23635.142578125,17.752099990844727
2025-08-13,232.88612365722656,51327.6328125,7756.63671875,517.5733642578125,17212.0,117087.5625,181.559814453125,24193.95703125,17.566699981689453
2025-08-14,232.337158203125,50727.6484375,7819.61767578125,519.4623413085938,17268.0,116189.609375,181.98974609375,24902.720703125,17.496379852294922
2025-08-15,231.1494140625,51563.625,7815.61865234375,517.1657104492188,17178.0,116600.3828125,180.42001342773438,25031.677734375,17.58032989501953
2025-08-18,230.4507598876953,50803.64453125,7732.64404296875,514.1134643554688,15734.0,116137.609375,181.97975158691406,24746.7734375,17.575899124145508
2025-08-19,230.1213836669922,51108.63671875,7779.6298828125,506.8257751464844,15606.0,115731.03125,175.61080932617188,25008.685546875,17.624540328979492
2025-08-20,225.5800323486328,51199.88671875,7670.6630859375,502.7991638183594,15712.0,114674.6796875,175.370849609375,25108.65234375,17.69993019104004
2025-08-21,224.47215270996094,51749.88671875,7679.66015625,502.15185546875,15650.0,113432.3359375,174.95091247558594,24921.71484375,17.66860008239746
2025-08-22,227.3267059326172,52157.88671875,7804.6220703125,505.1295166015625,15639.0,116232.796875,177.96043395996094,25491.525390625,17.703519821166992
2025-08-25,226.72784423828125,51451.88671875,7702.6533203125,502.17181396484375,15480.0,118656.4921875,179.78012084960938,25041.673828125,17.429529190063477
2025-08-26,228.87376403808594,52709.8828125,7479.72119140625,499.96099853515625,14978.0,118260.703125,181.7397918701172,24669.798828125,17.612899780273438
2025-08-27,230.05152893066406,52659.8828125,7528.7060546875,504.6415100097656,15046.0,115892.21875,181.56982421875,24830.744140625,17.62042999267578
2025-08-28,232.11758422851562,54074.87890625,7614.68017578125,507.5295104980469,15233.0,115646.4296875,180.1400604248047,25110.65234375,17.68090057373047
2025-08-29,231.69837951660156,54249.87890625,7438.7333984375,504.59173583984375,14980.0,116167.8046875,174.1510467529297,24877.728515625,17.68086051940918
2025-09-01,,53704.8828125,7433.7353515625,,14551.0,114598.0859375,,24656.802734375,17.638599395751953
2025-09-02,229.28298950195312,52848.8828125,7383.75048828125,503.0282287597656,14312.0,113077.5546875,170.75161743164062,24298.921875,17.616239547729492
2025-09-03,238.01634216308594,54173.87890625,7248.79150390625,503.2572937011719,13980.0,113194.546875,170.59165954589844,23984.025390625,17.696399688720703
2025-09-04,239.32383728027344,53699.8828125,7188.8095703125,505.866455078125,13869.0,113007.15625,171.63148498535156,23751.103515625,17.653799057006836
2025-09-05,239.2340087890625,54041.87890625,7357.75830078125,492.9501647949219,13956.0,114477.484375,166.9922637939453,24139.974609375,17.743900299072266
2025-09-08,237.42745971679688,54028.87890625,7410.7421875,496.13690185546875,13956.0,114734.4765625,168.2820281982422,24641.806640625,17.60070037841797
2025-09-09,233.9041748046875,58887.87109375,7408.74267578125,496.3460388183594,13881.0,116428.7890625,170.7316131591797,24572.830078125,17.46240997314453
2025-09-10,226.35855102539062,60399.8671875,7430.73583984375,498.29791259765625,13803.0,115981.8125,177.300537109375,23631.0,17.53380012512207
2025-09-11,229.59239196777344,59781.8671875,7904.591796875,498.9352722167969,13782.0,116989.765625,177.1505584716797,23874.0,17.47480010986328
2025-09-12,233.6247100830078,60559.8671875,8097.53271484375,507.7884521484375,13692.0,117463.546875,177.80047607421875,23931.0,17.346599578857422
2025-09-15,236.24969482421875,60620.8671875,7934.58251953125,513.225830078125,14078.0,117838.125,177.73048400878906,23828.0,17.348560333251953
2025-09-16,237.6969451904297,61053.8671875,8026.5546875,506.9320068359375,14849.0,117702.328125,174.86080932617188,23994.0,17.3605899810791
2025-09-17,238.5353546142578,59874.8671875,8003.5615234375,507.9079284667969,14664.0,120662.1875,170.27130126953125,24143.0,17.337570190429688
2025-09-18,237.42745971679688,59566.8671875,8137.5205078125,506.3444519042969,14133.0,122459.5,176.2206573486328,24320.0,17.375499725341797
2025-09-19,245.032958984375,59499.8671875,8096.533203125,515.78515625,13800.0,121394.15625,176.6505889892578,24406.0,17.340330123901367
2025-09-22,255.5928192138672,59628.8671875,7963.57373046875,512.319580078125,13700.0,120194.2109375,183.58984375,24099.0,17.319110870361328
2025-09-23,253.9459686279297,59484.8671875,8023.5556640625,507.1212463378906,13784.0,118742.28125,178.410400390625,24075.0,17.330900192260742
2025-09-24,251.8300018310547,,,508.0373840332031,,,176.9505615234375,,17.228099822998047
2025-09-25,256.3813171386719,62141.86328125,7872.6015625,504.9303283691406,13529.0,120554.1953125,177.67050170898438,23741.0,17.327280044555664
2025-09-26,254.97401428222656,62386.86328125,7829.61474609375,509.34197998046875,13841.0,121294.15625,178.17044067382812,23640.0,17.422000885009766
2025-09-29,253.9459686279297,63928.859375,7768.63330078125,512.4689331054688,13800.0,123783.8359375,181.83004760742188,23529.0,17.34040069580078
2025-09-30,254.14559936523438,64649.859375,7763.634765625,515.8051147460938,14500.0,125087.578125,186.55950927734375,23639.0,17.250200271606445
2025-10-01,254.9640350341797,64697.85546875,7772.6318359375,517.557861328125,14738.0,126355.9140625,187.21945190429688,24063.0,17.27267074584961
2025-10-02,256.6408386230469,64125.859375,7807.62109375,513.604248046875,14315.0,127978.8359375,188.8692626953125,24001.0,17.206579208374023
2025-10-03,257.5291442871094,65009.85546875,7961.57421875,515.20751953125,14647.0,130560.7109375,187.59939575195312,24649.0,17.270299911499023
2025-10-06,256.20166015625,65495.85546875,8093.5341796875,526.3811645507812,14372.0,128321.8203125,185.51962280273438,24934.0,17.257659912109375
2025-10-07,255.99209594726562,65441.85546875,8107.52978515625,521.8101196289062,14847.0,127264.8671875,185.01968383789062,24592.0,17.151199340820312
2025-10-08,257.569091796875,66269.8515625,7819.0,522.676513671875,15202.0,127712.8515625,189.0892333984375,24767.0,17.209299087524414
2025-10-09,253.55670166015625,67358.8515625,8078.0,520.2366943359375,15262.0,125925.9375,192.54885864257812,25246.0,17.152050018310547
2025-10-10,244.80340576171875,67487.8515625,8129.0,508.84405517578125,15477.0,123091.0703125,183.139892578125,25600.0,17.19162940979004
2025-10-13,247.18885803222656,68769.8515625,8100.0,511.9212341308594,15357.0,121138.1640625,188.29933166503906,25402.0,17.41132926940918
2025-10-14,247.29864501953125,67349.8515625,8034.0,511.4432373046875,15284.0,120519.1953125,180.01022338867188,25300.0,17.32033920288086
2025-10-15,248.86566162109375,68216.8515625,7988.0,511.3038024902344,16512.0,120666.1875,179.8102569580078,25396.0,17.385459899902344
2025-10-16,246.97926330566406,67843.8515625,7958.0,509.4913330078125,16274.0,118866.2734375,181.7900390625,25390.0,17.34510040283203
2025-10-17,251.81002807617188,66478.8515625,7995.0,511.4532470703125,16583.0,118315.3046875,183.19989013671875,25179.0,17.335460662841797
2025-10-20,261.7411193847656,66625.8515625,8168.0,514.6498413085938,16336.0,119657.234375,182.6199493408203,25263.0,17.3656005859375
2025-10-21,262.27008056640625,65700.8515625,8220.0,515.5162963867188,16225.0,120383.203125,181.14010620117188,25486.0,17.217859268188477
2025-10-22,257.9583435058594,65673.8515625,8340.0,518.3843994140625,16674.0,120365.203125,180.2602081298828,25719.0,17.38779067993164
2025-10-23,259.0861511230469,66632.8515625,8314.0,518.404296875,16699.0,122246.109375,182.13999938964844,25719.0,17.415790557861328
2025-10-24,262.3200378417969,65103.85546875,8294.0,521.441650390625,16670.0,123644.046875,186.23953247070312,25617.0,17.32200050354004
2025-10-27,268.2986145019531,65064.85546875,8164.0,529.3189697265625,16700.0,128258.8203125,191.46897888183594,25307.0,17.199499130249023
2025-10-28,268.4882507324219,65967.8515625,8330.0,539.8252563476562,17200.0,126073.9296875,201.0079345703125,25847.0,17.21092987060547
2025-10-29,269.1869201660156,66747.8515625,8348.0,539.307373046875,16908.0,127186.875,207.01727294921875,25681.0,17.14674949645996
2025-10-30,270.8836669921875,66009.8515625,8228.0,523.582763671875,17013.0,125093.9765625,202.8677215576172,25337.0,17.162700653076172
2025-10-31,269.85565185546875,65666.8515625,8223.0,515.6656494140625,17293.0,121997.125,202.4677734375,25456.0,17.275890350341797
2025-11-03,268.53814697265625,63916.859375,8249.0,514.888916015625,17320.0,122394.1015625,206.85728454589844,25542.0,17.28927993774414
2025-11-04,269.5262756347656,62329.86328125,8154.0,512.2001342773438,16810.0,123431.0546875,198.66818237304688,25377.0,17.29412078857422
2025-11-05,269.6260986328125,62979.859375,8243.0,505.0597839355469,17034.0,123311.0625,195.18858337402344,25755.0,17.491039276123047
2025-11-06,269.25677490234375,63893.859375,8106.0,495.04144287109375,16558.0,125876.9375,188.05935668945312,26454.0,17.399799346923828
2025-11-07,267.9592590332031,63091.859375,8040.0,494.7626037597656,16474.0,121699.140625,188.1293487548828,25800.0,17.353029251098633
2025-11-10,269.1781311035156,63863.859375,8091.0,503.9045715332031,16863.0,124379.0078125,199.0281524658203,26409.0,17.30554962158203
2025-11-11,274.99267578125,64523.859375,8026.0,506.573486328125,16800.0,122494.1015625,193.1387939453125,26192.0,17.145610809326172
2025-11-12,273.21435546875,65406.85546875,8155.0,509.0233154296875,16410.0,123755.0390625,193.7787322998047,26975.0,17.15203094482422
2025-11-13,272.6948547363281,65045.85546875,8414.0,501.205810546875,16918.0,127093.875,186.8394775390625,27140.0,17.087230682373047
2025-11-14,272.15533447265625,63952.859375,8347.0,508.0672607421875,16845.0,121989.125,190.1491241455078,27100.0,17.038570404052734
2025-11-17,267.2099609375,63177.859375,8450.0,505.3883972167969,16760.0,121618.140625,186.5795135498047,27403.0,17.08218002319336
2025-11-18,267.19000244140625,60854.8671875,8210.0,491.74517822265625,16695.0,119250.2578125,181.340087890625,27328.0,17.171049118041992
2025-11-19,268.3089294433594,61944.86328125,8215.0,485.1027526855469,17010.0,119444.25,186.49951171875,27133.0,17.166799545288086
2025-11-20,266.0010986328125,61848.86328125,8223.0,477.3404846191406,17203.0,118237.3046875,180.6201629638672,27400.0,17.178800582885742
2025-11-21,271.2361755371094,61489.86328125,8152.0,471.04486083984375,16951.0,116099.40625,178.86036682128906,26736.0,17.212350845336914
2025-11-24,275.6620788574219,61533.86328125,8165.0,472.92059326171875,16486.0,115587.4296875,182.52996826171875,26482.0,17.36482048034668
2025-11-25,276.7110900878906,63328.859375,8110.0,475.90374755859375,16827.0,113175.546875,177.80047607421875,26589.0,17.291170120239258
2025-11-26,277.29052734375,63534.859375,8265.0,484.3943786621094,16818.0,113574.53125,180.24020385742188,27102.0,17.20210075378418
2025-11-27,,63809.859375,8100.0,,16212.0,109994.703125,,26535.0,17.131099700927734
2025-11-28,278.5893249511719,64071.859375,8147.0,490.88958740234375,15788.0,107000.84375,176.98056030273438,26362.0,17.140869140625
2025-12-01,282.8353576660156,65838.8515625,8200.0,485.6315612792969,15572.0,109094.7421875,179.90025329589844,26289.0,17.109420776367188
2025-12-02,285.9224548339844,64734.85546875,8335.0,488.8841552734375,15800.0,105437.921875,181.44007873535156,26856.0,17.0743408203125
2025-12-03,283.8843688964844,66171.8515625,8523.0,476.64208984375,16020.0,104365.0,179.57028198242188,27100.0,17.09333038330078
2025-12-04,280.4375915527344,66430.8515625,8619.0,479.7449951171875,15725.0,105731.0,183.37008666992188,27529.0,17.032760620117188
2025-12-05,278.5193786621094,67367.8515625,8674.0,482.0597229003906,15801.0,106400.0,182.40013122558594,27737.0,16.98200035095215
2025-12-08,277.6302185058594,67013.8515625,8560.0,489.9018249511719,15734.0,103938.0,185.5399627685547,27230.0,16.93058967590332
2025-12-09,276.9208679199219,65862.8515625,8642.0,490.8995361328125,15750.0,103680.0,184.95999145507812,27325.0,17.025800704956055
2025-12-10,278.5193786621094,65849.8515625,8688.0,477.4701843261719,15723.0,105939.0,183.77005004882812,27265.0,17.02790069580078
2025-12-11,277.77008056640625,65723.8515625,8686.0,482.3690185546875,15780.0,108560.0,180.92019653320312,27568.0,16.922800064086914
2025-12-12,278.0198669433594,64535.859375,8589.0,477.4402770996094,15623.0,110200.0,175.01052856445312,27673.0,16.851699829101562
2025-12-15,273.8537292480469,63893.859375,8749.0,473.73870849609375,15778.0,108050.0,176.28045654296875,28049.0,16.858869552612305
2025-12-16,274.353271484375,,,475.3051452636719,,,177.71038818359375,,16.782529830932617
2025-12-17,271.58587646484375,65081.85546875,8928.0,475.0357360839844,16399.0,108200.0,170.93075561523438,28396.0,16.73332977294922
2025-12-18,271.935546875,65138.85546875,8936.0,482.87786865234375,15860.0,108822.0,174.1305694580078,28595.0,16.766679763793945
2025-12-19,273.4141845703125,65576.8515625,8962.0,484.8134460449219,15916.0,113238.0,180.98020935058594,28336.0,16.71702003479004
2025-12-22,270.7166748046875,64620.859375,8809.0,483.81573486328125,16140.0,111322.0,183.6800537109375,28226.0,16.74496078491211
2025-12-23,272.1053771972656,66886.8515625,8967.0,485.7413330078125,16478.0,112000.0,189.19976806640625,28570.0,16.696500778198242
2025-12-24,273.55401611328125,67234.8515625,9063.0,486.90863037109375,16639.0,112019.0,188.59979248046875,28830.0,16.668699264526367
2025-12-26,273.1444091796875,,,486.599365234375,,,190.51968383789062,,16.627199172973633
2025-12-29,273.50408935546875,67809.8515625,9061.0,485.9907531738281,16817.0,111931.0,188.20980834960938,28843.0,16.65920066833496
2025-12-30,272.82470703125,68423.8515625,9050.0,486.3699035644531,16909.0,111943.0,187.52984619140625,28926.0,16.672700881958008
2025-12-31,271.6058349609375,68509.8515625,9075.0,482.5186767578125,16950.0,110451.0,186.4899139404297,29040.0,16.58547019958496
2026-01-02,270.75665283203125,69354.84375,9063.0,471.8630065917969,16992.0,111177.0,188.83978271484375,29142.0,16.551599502563477
2026-01-05,267.0101623535156,69531.84375,8999.0,471.773193359375,17112.0,111127.0,188.1098175048828,29083.0,16.49650001525879
2026-01-06,262.1147155761719,70879.84375,9203.0,477.4203186035156,17581.0,113656.0,187.22987365722656,29470.0,16.359729766845703
2026-01-07,260.08660888671875,69599.84375,9158.0,482.3690185546875,17528.0,113709.0,189.09976196289062,29249.0,16.35487937927246
2026-01-08,258.7978515625,68569.8515625,9217.0,477.0212097167969,17709.0,111876.0,185.0299835205078,29281.0,16.446640014648438
2026-01-09,259.1275329589844,70656.84375,9100.0,478.1885681152344,17580.0,110435.0,184.84999084472656,29324.0,16.512060165405273
2026-01-12,260.0067138671875,71357.84375,9100.0,476.09332275390625,17519.0,112782.0,184.92999267578125,28929.0,16.474519729614258
2026-01-13,260.8059387207031,71077.84375,9039.0,469.5981750488281,17600.0,114484.0,185.79994201660156,28279.0,16.37459945678711
2026-01-14,259.71697998046875,71807.84375,9010.0,458.3338928222656,17184.0,114417.0,183.1300811767578,28300.0,16.38578987121582
2026-01-15,257.9685974121094,72175.84375,9133.0,455.6200866699219,17573.0,110375.0,187.03988647460938,28820.0,16.38875961303711
2026-01-16,255.29112243652344,70867.84375,9116.0,458.8127746582031,17918.0,109033.0,186.21990966796875,28862.0,16.3302001953125
2026-01-19,,71468.84375,9087.0,,17662.0,106868.0,,28865.0,16.408000946044922
2026-01-20,246.46937561035156,70407.84375,9030.0,453.48492431640625,17662.0,103858.0,178.06036376953125,28989.0,16.370819091796875
2026-01-21,247.41848754882812,74249.8359375,9046.0,443.0986328125,17331.0,101661.0,183.31008911132812,28900.0,16.41029930114746
2026-01-22,248.1178436279297,72913.8359375,9286.0,450.1126403808594,18350.0,102917.0,184.82998657226562,29621.0,16.262710571289062
2026-01-23,247.80812072753906,74159.8359375,9144.0,464.888916015625,17618.0,102304.0,187.6598358154297,29584.0,16.12579917907715
2026-01-26,255.17123413085938,75981.8359375,9121.0,469.20904541015625,18216.0,101012.0,186.4599151611328,29800.0,16.04631996154785
2026-01-27,258.0285339355469,75448.8359375,9292.0,479.485595703125,18300.0,103797.0,188.50979614257812,30010.0,16.014999389648438
2026-01-28,256.2002868652344,76344.828125,9185.0,480.533203125,17974.0,103183.0,191.5096435546875,29669.0,15.857760429382324
2026-01-29,258.0385437011719,77983.828125,9303.0,432.5128173828125,18060.0,102210.0,192.49957275390625,29896.0,15.710020065307617
2026-01-30,259.2374267578125,74635.8359375,9254.0,429.31011962890625,18093.0,99150.0,191.11965942382812,29873.0,15.7183198928833
2026-02-02,269.7575988769531,74579.8359375,9403.0,422.4058837890625,18480.0,99000.0,185.59996032714844,30644.0,16.137269973754883
2026-02-03,269.22808837890625,78892.828125,9413.0,410.2735595703125,18706.0,97219.0,180.33023071289062,30955.0,16.053630828857422
2026-02-04,276.23150634765625,79968.8203125,9346.0,413.2467956542969,18671.0,93680.0,174.18057250976562,30845.0,15.931839942932129
2026-02-05,275.6520690917969,76066.8359375,9343.0,392.7735290527344,17596.0,94166.0,171.87069702148438,31005.0,16.07012939453125
2026-02-06,277.8599853515625,74883.8359375,9425.0,400.22650146484375,18416.0,95719.0,185.39996337890625,30944.0,16.241300582885742
2026-02-09,274.6199951171875,75982.8359375,9361.0,412.65814208984375,18823.0,95382.0,190.0297088623047,30887.0,15.992159843444824
2026-02-10,273.67999267578125,77822.828125,9472.0,412.328857421875,19176.0,92750.0,188.52978515625,31227.0,15.894000053405762
2026-02-11,275.5,79792.8203125,9510.0,403.4491271972656,19210.0,90580.0,190.0397186279297,31215.0,15.92609977722168
2026-02-12,261.7300109863281,79260.828125,9542.0,400.9248962402344,19522.0,90609.0,186.9298858642578,31377.0,15.869400024414062
2026-02-13,255.77999877929688,77759.828125,9500.0,400.4060974121094,19230.0,89120.0,182.80010986328125,31372.0,15.947830200195312
2026-02-16,,77119.828125,9588.0,,19511.0,89692.0,,31552.0,15.928319931030273
2026-02-17,263.8800048828125,74761.8359375,9531.0,395.95623779296875,19527.0,89203.0,184.95999145507812,31748.0,15.95740032196045
2026-02-18,264.3500061035156,78674.828125,9807.0,398.69000244140625,19955.0,91555.0,187.96981811523438,32428.0,16.025100708007812
2026-02-19,260.5799865722656,76874.828125,9773.0,398.4599914550781,19458.0,90500.0,187.88983154296875,32450.0,16.06279945373535
2026-02-20,264.5799865722656,78563.828125,9804.0,397.2300109863281,19745.0,89917.0,189.8097381591797,32003.0,16.13558006286621
2026-02-23,266.17999267578125,79581.828125,9743.0,384.4700012207031,19517.0,91475.0,191.53964233398438,32202.0,15.961400032043457
2026-02-24,272.1400146484375,78943.828125,9871.0,389.0,19792.0,90341.0,192.83956909179688,32365.0,15.999580383300781
2026-02-25,274.2300109863281,81743.8203125,9727.0,400.6000061035156,20573.0,90883.0,195.54940795898438,32194.0,15.951399803161621
2026-02-26,272.95001220703125,78959.828125,9952.0,401.7200012207031,20391.0,88694.0,184.87998962402344,32519.0,15.843179702758789
2026-02-27,264.17999267578125,79911.8203125,9919.0,392.739990234375,20757.0,88528.0,177.180419921875,32133.0,15.9173002243042
2026-03-02,264.7200012207031,77153.828125,9590.0,398.54998779296875,20898.0,86521.0,182.47012329101562,32042.0,16.059579849243164
2026-03-03,263.75,75569.8359375,9172.0,403.92999267578125,20048.0,84438.0,180.04025268554688,30506.0,16.07469940185547
2026-03-04,262.5199890136719,76349.828125,9264.0,405.20001220703125,19972.0,86948.0,183.03009033203125,30896.0,16.481090545654297
2026-03-05,260.2900085449219,75777.8359375,9274.0,410.67999267578125,20165.0,88096.0,183.330078125,30715.0,16.314889907836914
2026-03-06,257.4599914550781,70963.84375,8696.0,408.9599914550781,19200.0,87662.0,177.8103790283203,29183.0,16.622779846191406
2026-03-09,259.8800048828125,68269.8515625,8837.0,409.4100036621094,18973.0,88074.0,182.64010620117188,29471.0,16.769359588623047
2026-03-10,260.8299865722656,72397.84375,9078.0,405.760009765625,18955.0,94508.0,184.760009765625,29868.0,16.32908058166504
2026-03-11,260.80999755859375,73103.0,9018.0,404.8800048828125,18660.0,93179.0,186.02999877929688,29476.0,16.281810760498047
2026-03-12,255.75999450683594,71800.0,8801.0,401.8599853515625,18396.0,93789.0,183.13999938964844,29536.0,16.57607078552246
2026-03-13,,,,,,,,,16.80340003967285
