FirstRand,Standard_Bank,Naspers,Anglo_American,MTN_Group,Apple,Microsoft,Nvidia,USD_ZAR_Rate
7243.37890625,20672.369140625,60997.75,44752.5625,11521.84765625,183.73129272460938,364.5894470214844,48.13856887817383,18.26959991455078
7243.37890625,20672.369140625,60997.75,44752.5625,11521.84765625,183.73129272460938,364.5894470214844,48.13856887817383,18.300399780273438
7010.65625,20258.94140625,61738.89453125,43227.796875,11391.939453125,182.35560607910156,364.32403564453125,47.539939880371094,18.55558967590332
7090.56103515625,20333.837890625,62556.03125,43791.71484375,11300.0048828125,180.0396728515625,361.7091369628906,47.96868133544922,18.674299240112305
7100.54931640625,20503.60546875,61586.10546875,43915.51171875,11295.0078125,179.31715393066406,361.5223083496094,49.067012786865234,18.686899185180664
7171.46435546875,20594.4765625,60805.36328125,42647.16796875,11115.1357421875,183.65213012695312,368.34478759765625,52.2210807800293,18.670289993286133
7153.486328125,20715.310546875,59732.05078125,42375.02734375,11190.08203125,183.2364501953125,369.4261474609375,53.107540130615234,18.564199447631836
7127.51708984375,20657.390625,58620.73046875,43050.95703125,11124.12890625,184.27565002441406,376.2879333496094,54.31679916381836,18.63878059387207
7123.52197265625,20649.40234375,60025.42578125,43050.95703125,11214.0654296875,183.68182373046875,378.1164245605469,54.78850555419922,18.631759643554688
7025.63818359375,20822.1640625,59842.23828125,43362.39453125,11181.087890625,184.0084228515625,381.8913879394531,54.67658233642578,18.645099639892578
6734.984375,20340.830078125,59559.66015625,42775.86328125,11092.1513671875,182.87520599365234,382.7761535644531,55.512067794799805,18.60658073425293
6773.93798828125,19954.36328125,58180.3671875,42245.33984375,11012.2080078125,181.7419891357422,383.6609191894531,56.34755325317383,18.649099349975586
6648.08740234375,19499.994140625,56959.859375,41285.4921875,10760.3857421875,180.80177307128906,382.8744812011719,56.018760681152344,18.959089279174805
6692.03515625,19691.728515625,57973.9765625,42186.390625,10757.3876953125,186.69053649902344,387.20001220703125,57.072113037109375,19.079200744628906
6780.92919921875,19708.705078125,58507.33984375,42245.33984375,10562.525390625,189.59043884277344,391.9186706542969,59.45465850830078,18.921100616455078
6666.06640625,19667.76171875,57985.578125,41854.328125,10593.50390625,191.89646911621094,389.7952880859375,59.6175537109375,19.008899688720703
6767.94482421875,19820.548828125,60595.37890625,43017.546875,10517.5576171875,193.1732177734375,392.1448059082031,59.836421966552734,19.193300247192383
6798.90771484375,19810.5625,63795.1328125,43673.8203125,10471.5908203125,192.50018310546875,395.7427673339844,61.32451629638672,18.91320037841797
6741.97607421875,19722.68359375,63445.1640625,43007.7265625,10106.8486328125,192.17359924316406,398.013671875,61.57936096191406,18.877979278564453
6886.80322265625,20182.05078125,64305.8984375,44133.61328125,10426.6220703125,190.44158935546875,397.089599609375,60.993709564208984,18.880399703979492
6689.0390625,19922.41015625,63655.14453125,44131.6484375,9992.9296875,189.75869750976562,402.78155517578125,62.42683792114258,18.757030487060547
6685.0439453125,19862.4921875,63706.9453125,44406.73046875,9645.1748046875,186.1066436767578,401.67071533203125,62.73564910888672,18.778499603271484
6783.92529296875,19946.376953125,62740.015625,44418.51953125,9547.244140625,182.50405883789062,390.84710693359375,61.489410400390625,18.779300689697266
6618.123046875,19801.576171875,63540.95703125,43531.3671875,9572.2265625,184.93875122070312,396.9421691894531,62.988494873046875,18.6135196685791
6635.10302734375,20105.15625,65275.0234375,42952.70703125,9473.296875,183.9391326904297,404.25616455078125,66.11959075927734,18.56529998779297
6614.1279296875,20008.291015625,65130.234375,42304.2890625,9316.408203125,185.7503204345703,398.78045654296875,69.2896499633789,18.882320404052734
6637.1005859375,20035.251953125,67560.640625,42825.97265625,9491.2841796875,187.35365295410156,398.6231384277344,68.18132019042969,19.048900604248047
6506.2568359375,19668.759765625,68461.3828125,41510.47265625,9365.373046875,187.46253967285156,407.0382080078125,70.05616760253906,18.81760025024414
6471.29833984375,19693.7265625,67533.453125,40909.2109375,9309.4130859375,186.38377380371094,407.0971374511719,69.59844970703125,18.898700714111328
6459.3125,19881.466796875,68550.375,40096.72265625,9224.4736328125,187.14683532714844,413.42816162109375,72.08894348144531,18.966400146484375
6432.3447265625,20005.294921875,68653.765625,41417.140625,9393.353515625,185.46212768554688,408.227783203125,72.203857421875,18.976049423217773
6390.39453125,19880.466796875,67398.65625,40977.0,9245.4580078125,183.37115478515625,399.4390869140625,72.08394622802734,18.89859962463379
6447.3271484375,20250.955078125,65996.5703125,40596.79296875,9283.4306640625,182.4891815185547,403.29986572265625,73.85486602783203,19.07659912109375
6317.48095703125,20295.890625,65916.578125,41290.40625,9221.474609375,182.2018280029297,400.4141540527344,72.61361694335938,19.028560638427734
6412.36767578125,20772.232421875,66102.3515625,42274.8125,9093.5654296875,180.66575622558594,397.9519348144531,72.56863403320312,18.939529418945312
6443.3310546875,20761.248046875,65719.59375,41844.5,9036.60546875,180.2941436767578,397.32655334472656,70.98910140991211,18.825109481811523
6468.30126953125,20471.646484375,64266.703125,40967.1796875,8597.916015625,179.9225311279297,396.701171875,69.4095687866211,18.93931007385254
6485.28173828125,20651.400390625,65456.2109375,40928.86328125,8546.9521484375,180.67572021484375,396.100341796875,67.43077850341797,18.9064998626709
6679.05078125,20731.287109375,66777.90625,42153.96875,8762.7998046875,182.7072296142578,405.4272155761719,78.49002838134766,18.896129608154297
6582.16552734375,20594.4765625,66945.09375,43424.27734375,8527.9658203125,180.87388610839844,404.13702392578125,78.76886749267578,19.14780044555664
6492.2724609375,20474.646484375,66518.9296875,41871.03125,8773.791015625,179.52618408203125,401.37933349609375,79.04369354248047,19.30579948425293
6503.26025390625,20462.662109375,65019.04296875,42132.359375,8943.6708984375,180.98291015625,401.3202819824219,78.6529312133789,19.212600708007812
6408.37353515625,20355.80859375,63340.171875,40862.05078125,8414.046875,179.78379821777344,401.556640625,77.61555480957031,19.069400787353516
6470.29931640625,20154.087890625,63097.98828125,41281.5625,8344.095703125,179.11984252929688,407.3871765136719,79.06366729736328,19.25309944152832
6546.20849609375,20731.287109375,62420.83984375,40956.3671875,8400.0556640625,178.03968811035156,409.218994140625,82.22872924804688,19.180419921875
6427.35009765625,20478.638671875,60894.75390625,40457.28125,8658.873046875,173.52081298828125,408.6478271484375,85.18492889404297,19.07699966430664
6359.43115234375,19982.326171875,58925.90234375,40047.59765625,8257.158203125,168.58572387695312,396.5632629394531,85.91551971435547,19.03030014038086
6595.15087890625,20149.09375,60001.2265625,41829.76171875,8611.90625,167.59475708007812,396.01177978515625,88.64997100830078,18.94070053100586
6392.3916015625,19994.310546875,59448.26953125,43560.83984375,8585.9248046875,167.475830078125,402.9551696777344,92.61672973632812,18.775400161743164
6416.36328125,19705.708984375,59413.26953125,43988.20703125,8335.1015625,169.19021606445312,400.0793151855469,87.47862243652344,18.66390037536621
6369.4189453125,19857.5,59268.28125,42908.5,8632.8916015625,171.1920166015625,398.4049987792969,85.72562408447266,18.79785919189453
6387.39794921875,19938.38671875,61191.9375,43502.87890625,8394.060546875,171.6676483154297,409.0023498535156,91.86115264892578,18.652700424194336
6480.28759765625,19942.37890625,61764.48828125,44205.42578125,8441.02734375,169.58660888671875,408.8250427246094,90.83673858642578,18.65049934387207
6492.2724609375,18585.259765625,61788.2890625,42592.90234375,8430.03515625,171.43975830078125,418.79205322265625,87.8943862915039,18.553699493408203
6335.45947265625,18604.234375,61147.94140625,43905.71875,8622.8984375,171.06317138671875,410.1251220703125,87.78746795654297,18.730600357055664
6252.55810546875,18579.267578125,61903.08203125,43236.53515625,8476.0029296875,172.15322875976562,411.01153564453125,88.40512084960938,18.749780654907227
6229.5859375,18524.345703125,61483.11328125,42705.90625,8377.072265625,174.49195861816406,415.0396728515625,89.34757995605469,18.943300247192383
6238.57470703125,18559.296875,62313.44921875,43286.6484375,8407.05078125,177.05862426757812,418.8019714355469,90.3210220336914,18.908790588378906
6215.602294921875,18473.416015625,62106.96484375,44486.462890625,8718.3310546875,169.824462890625,422.8793640136719,91.3834228515625,18.672300338745117
6192.6298828125,18387.53515625,61900.48046875,45686.27734375,9029.611328125,170.7262420654297,422.25885009765625,94.2358169555664,18.81909942626953
6162.66552734375,18405.509765625,62495.234375,45641.07421875,9173.5087890625,169.30914306640625,416.4677734375,94.94840240478516,18.985200881958008
6054.7587890625,18499.37890625,64706.66796875,45022.01171875,9210.482421875,168.179443359375,415.27606201171875,92.50879669189453,18.885700225830078
6101.71826171875,18468.421875,66027.5703125,44652.53515625,9392.353515625,171.7469482421875,415.05938720703125,90.19911193847656,18.960399627685547
6167.66064453125,18498.380859375,67145.8828125,45708.875,9367.37109375,169.93344116210938,414.360107421875,90.3050308227539,18.924489974975586
3083.830322265625,9249.1904296875,33572.94140625,22854.4375,4683.685546875,169.2149887084961,416.2560119628906,90.30852890014648,18.896699905395508
3055.355224609375,9216.736328125,33614.4375,23547.205078125,4613.73583984375,168.4965362548828,418.15191650390625,90.31202697753906,18.84830093383789
6110.71044921875,18433.47265625,67228.875,47094.41015625,9227.4716796875,167.3172607421875,415.0692138671875,89.40155029296875,18.944650650024414
6087.72998046875,18134.884765625,66994.890625,47407.875,9246.45703125,168.1199493408203,414.09417724609375,88.913818359375,18.75790023803711
6247.591796875,18124.8984375,66918.8984375,48982.078125,9796.0693359375,167.2974853515625,411.5630798339844,85.8565444946289,18.65250015258789
6173.65576171875,17997.07421875,67136.0859375,48872.0234375,9699.13671875,168.0505828857422,419.08758544921875,87.95838165283203,18.676809310913086
6244.59423828125,18074.966796875,67221.671875,49511.7265625,9403.3466796875,166.93077087402344,418.171630859375,87.08384704589844,18.712160110473633
6242.59619140625,18360.572265625,65483.609375,50211.375,9179.5048828125,168.13978576660156,419.8360290527344,85.30584716796875,18.63089942932129
6298.5478515625,17749.50390625,67416.0625,49998.140625,9235.46484375,166.26681518554688,416.8617248535156,86.98991394042969,18.42840003967285
6285.55908203125,17653.599609375,67234.875,49158.953125,9252.453125,173.46136474609375,421.4610595703125,90.56488037109375,18.77739906311035
6054.7587890625,17322.92578125,66602.921875,51102.63671875,9006.626953125,174.95773315429688,415.5222473144531,88.13626098632812,18.709800720214844
6051.76171875,17495.75390625,65684.7890625,50581.83203125,8718.830078125,171.13253784179688,407.3871765136719,85.95249938964844,18.857799530029297
6013.7939453125,17166.080078125,64132.91015625,48731.50390625,8429.0361328125,167.85240173339844,408.31292724609375,87.36569213867188,18.97052001953125
5907.88623046875,16690.548828125,64024.3203125,50567.09375,8044.45751953125,166.48484802246094,405.6143493652344,83.98759460449219,19.005800247192383
5962.837890625,16728.509765625,64744.265625,51014.19921875,8197.4091796875,165.53350830078125,398.1587829589844,84.62323760986328,18.980899810791016
5987.81689453125,16738.501953125,65142.8359375,51073.15234375,8206.40625,163.51190185546875,393.0866394042969,76.15702056884766,19.137449264526367
6088.7294921875,16898.34375,68630.5625,49741.66796875,8296.3779296875,164.3443145751953,394.8988342285156,79.47314453125,19.121599197387695
6170.65869140625,17167.080078125,71965.3046875,48837.62890625,8296.3779296875,165.3947296142578,401.4089050292969,82.37651062011719,19.18004035949707
6190.64111328125,17208.037109375,73506.3984375,50487.49609375,8324.369140625,167.4956512451172,402.8763427734375,79.63206481933594,19.093299865722656
6124.69775390625,17233.013671875,71497.1484375,60039.82421875,8389.3486328125,168.3577880859375,393.00787353515625,82.58539581298828,19.21780014038086
6348.50439453125,17265.98046875,72486.6796875,61012.6484375,8632.271484375,167.7731170654297,400.1777648925781,87.6855239868164,19.01930046081543
6496.3759765625,17482.767578125,72338.6875,62954.35546875,9087.1279296875,171.93524169921875,396.1692810058594,87.70751190185547,18.797500610351562
6510.36474609375,17691.560546875,72141.8984375,60629.4140625,9055.1376953125,168.79383850097656,383.4446105957031,86.35327911376953,18.63031005859375
6508.865478515625,17868.38671875,73068.12890625,60587.16015625,9156.10595703125,167.7731170654297,388.9698181152344,82.99414825439453,18.778099060058594
6507.3662109375,18045.212890625,73994.359375,60544.90625,9257.07421875,171.469482421875,391.82598876953125,85.76859283447266,18.543699264526367
6497.3759765625,17880.375,75168.875,61105.015625,9368.0390625,181.7261505126953,400.5126647949219,88.73892211914062,18.54047966003418
6467.4013671875,18171.08984375,75018.078125,60629.4140625,9336.048828125,180.0712127685547,407.2886657714844,92.08802032470703,18.533300399780273
6568.31396484375,18272.98828125,74542.7109375,61071.60546875,9375.037109375,180.75497436523438,403.1521301269531,90.5029296875,18.472700119018555
6621.26806640625,18182.078125,74179.546875,60543.921875,9413.0244140625,181.0919189453125,404.333984375,90.36101531982422,18.49570083618164
6593.29248046875,18216.04296875,75594.234375,62341.1875,9395.0302734375,182.9053955078125,406.08709716796875,88.69694519042969,18.56555938720703
6704.19677734375,18505.759765625,75418.6484375,62987.76953125,9397.0302734375,181.64517211914062,408.4704895019531,89.82731628417969,18.451549530029297
6742.16357421875,18810.458984375,77014.125,62378.53125,9267.0712890625,184.85037231445312,407.4659423828125,90.34801483154297,18.41230010986328
6619.27001953125,18584.6796875,79993.90625,59302.83984375,8479.3203125,185.9915313720703,410.2629699707031,91.30447387695312,18.341760635375977
6758.14990234375,18816.453125,80474.46875,59627.109375,8642.2685546875,188.26397705078125,417.43597412109375,94.57662963867188,18.379100799560547
6864.05859375,19031.2421875,81490.5859375,59394.22265625,8335.365234375,188.383056640625,415.3739013671875,94.30577850341797,18.249399185180664
6866.05615234375,18920.349609375,78154.0390625,60992.9921875,8614.27734375,188.41281127929688,414.60430908203125,92.42684173583984,18.16309928894043
6915.013671875,19060.21484375,78681.796875,61090.28125,8497.314453125,189.57382202148438,419.6658630371094,94.7265396118164,18.152099609375
6935.99609375,18984.287109375,78761.9921875,60507.5625,8687.25390625,190.87379455566406,423.3165283203125,95.33219909667969,18.150100708007812
6884.04052734375,18846.423828125,77963.8515625,60722.765625,8835.20703125,189.43490600585938,424.7767333984375,94.89644622802734,18.050399780273438
6810.10498046875,18846.423828125,78139.0390625,61638.58984375,8562.2939453125,185.44578552246094,421.3037109375,103.74046325683594,18.276899337768555
6829.08837890625,18844.42578125,78027.8515625,60504.61328125,8605.2802734375,188.52197265625,424.42156982421875,106.40895080566406,18.46339988708496
6768.14111328125,18401.86328125,78240.4375,60184.26953125,8455.3271484375,188.5269317626953,424.50050354003906,110.12285232543945,18.414939880371094
6784.12744140625,18540.724609375,76915.5390625,58859.6640625,8497.314453125,188.53189086914062,424.5794372558594,113.83675384521484,18.301300048828125
6613.275146484375,18070.6875,76537.76171875,58453.337890625,8507.31103515625,188.82960510253906,423.4447326660156,114.76023864746094,18.271739959716797
6442.4228515625,17600.650390625,76159.984375,58047.01171875,8517.3076171875,189.82191467285156,409.13824462890625,110.43768310546875,18.421499252319336
6494.37744140625,17900.35546875,74560.9140625,58335.91015625,8203.4072265625,190.7745361328125,409.5920715332031,109.57115936279297,18.706300735473633
6744.162109375,18563.703125,75994.2109375,57855.3984375,8436.333984375,192.5408935546875,408.0035400390625,114.93512725830078,18.76715087890625
6595.291015625,18443.8203125,76494.1640625,56281.19140625,8167.41845703125,192.8584442138672,410.51953125,116.37132263183594,18.51609992980957
6375.48095703125,18003.25390625,77187.9140625,56247.78515625,8194.41015625,194.36676025390625,418.3536071777344,122.37095642089844,18.711809158325195
6263.578125,17945.310546875,78219.4375,56856.04296875,8211.404296875,192.98744201660156,418.8568115234375,120.92976379394531,18.934490203857422
6320.52880859375,18217.04296875,76972.921875,56258.59375,8067.4501953125,195.37893676757812,418.1957702636719,120.81982421875,18.95404052734375
6328.52197265625,18232.029296875,76895.5390625,55347.67578125,8019.46533203125,191.63787841796875,422.162109375,121.72130584716797,18.886199951171875
6442.4228515625,18304.95703125,76412.375,54939.875,7975.47900390625,205.5601806640625,426.90789794921875,120.85173797607422,18.721900939941406
6691.2080078125,18455.80859375,78059.6484375,55181.61328125,8107.4375,211.43475341796875,435.1761779785156,125.13965606689453,18.541900634765625
6849.0712890625,18864.40625,76937.140625,55273.98046875,7809.53173828125,212.5957794189453,435.689208984375,129.5475311279297,18.361360549926758
7044.9013671875,19916.369140625,74733.09375,55099.06640625,8222.4013671875,210.8592071533203,436.6660461425781,131.8164520263672,18.415130615234375
7331.6533203125,20569.724609375,74829.29296875,54682.9140625,8402.34423828125,215.00714111328125,442.3886413574219,130.9168701171875,18.338899612426758
7618.4052734375,21223.080078125,74925.4921875,54266.76171875,8582.287109375,212.64540100097656,440.3857421875,135.5146484375,18.229450225830078
7591.42822265625,21382.923828125,75891.609375,54635.25390625,8797.2197265625,210.3580780029297,440.07000732421875,133.11581420898438,18.022899627685547
7555.45947265625,21118.18359375,74056.5546875,55879.28515625,8566.29296875,208.0707550048828,439.7542724609375,130.71697998046875,17.918500900268555
7670.3603515625,21198.10546875,71777.1328125,54829.8203125,8509.310546875,205.8975830078125,443.77984619140625,126.50899505615234,17.970890045166016
7458.54345703125,21179.123046875,73683.984375,56617.26171875,8525.3056640625,206.5426025390625,441.697998046875,118.0530776977539,17.99489974975586
7480.5244140625,21046.25390625,71286.96875,56976.91015625,8450.3291015625,207.46548461914062,444.9342346191406,126.02923583984375,18.093839645385742
7474.52978515625,20675.62109375,71630.9375,57357.1953125,8226.400390625,211.61337280273438,446.1280822753906,126.3390884399414,18.23785972595215
7332.65185546875,20486.80859375,71142.5703125,57052.57421875,8266.3876953125,212.4568634033203,446.80889892578125,123.93024444580078,18.147300720214844
7683.3486328125,21060.2421875,71338.9609375,56649.6875,8491.31640625,209.00355529785156,440.98760986328125,123.48046875,18.433900833129883
7755.2861328125,21208.095703125,69332.921875,55224.84765625,8540.30078125,215.08651733398438,450.63714599609375,124.24010467529297,18.041200637817383
7618.4052734375,20755.541015625,69889.875,54931.03515625,8197.4091796875,218.5795135498047,453.153076171875,122.61089324951172,18.352500915527344
7685.34716796875,21168.134765625,70396.03125,55941.1953125,8297.3779296875,219.8496856689453,454.6231994628906,128.21817016601562,18.589599609375
7713.3232421875,21254.048828125,70683.609375,55552.06640625,8357.3583984375,222.22631072998047,457.97291564941406,126.99377059936523,18.405500411987305
7695.33837890625,20997.3046875,70194.6484375,55635.59765625,8331.3671875,224.60293579101562,461.3226318359375,125.76937103271484,18.256620407104492
7794.25244140625,21218.0859375,71006.1875,54939.875,8177.41552734375,226.07156372070312,460.0202331542969,128.13821411132812,18.226900100708008
7765.27783203125,21189.115234375,70617.21875,54439.70703125,8211.404296875,226.9249725341797,453.4096374511719,131.3166961669922,18.088199615478516
7783.26220703125,20871.427734375,70099.453125,54806.234375,8196.4091796875,231.19195556640625,460.0301513671875,134.84500122070312,18.13990020751953
7890.169921875,21223.080078125,71117.78125,54652.9453125,8196.4091796875,225.82347106933594,448.63427734375,127.3386001586914,18.097759246826172
7906.15576171875,21279.025390625,73456.6015625,55355.5390625,8192.4111328125,228.7706756591797,447.4995422363281,129.17774963378906,17.976499557495117
7984.08837890625,21678.6328125,73334.203125,55446.92578125,8060.4521484375,232.60107421875,447.904052734375,128.37806701660156,17.985000610351562
7816.2333984375,21279.025390625,70494.625,53302.78515625,7848.51953125,233.01785278320312,443.5232849121094,126.29910278320312,18.198299407958984
7709.326171875,20928.373046875,70122.2578125,53200.58984375,7561.60986328125,227.12342834472656,437.6033630371094,117.93313598632812,18.02429962158203
7768.27490234375,20716.58203125,70280.640625,52974.58203125,7394.66259765625,222.45948791503906,434.4953918457031,121.0316390991211,18.117799758911133
7843.2109375,20919.380859375,68715.15625,52084.3046875,7519.62353515625,222.58848571777344,431.27880859375,117.87317657470703,18.2362003326416
7863.19287109375,21119.18359375,70603.4140625,51687.31640625,7463.64111328125,222.2412109375,437.0310974121094,123.48046875,18.189899444580078
7935.13037109375,21371.93359375,69758.078125,50901.19140625,7645.58349609375,223.28311157226562,438.9156188964844,122.53091430664062,18.234699249267578
7806.24267578125,21187.115234375,69368.7109375,51704.01171875,7672.5751953125,216.86279296875,423.1783752441406,114.19493865966797,18.38949966430664
8001.07373046875,21814.498046875,68995.5390625,52160.94921875,7699.56640625,215.8208465576172,412.8184509277344,112.22589111328125,18.34830093383789
7989.083984375,21888.423828125,68902.140625,54681.44140625,7723.55908203125,216.2872314453125,419.5968017578125,113.0055160522461,18.343719482421875
7975.09619140625,21831.482421875,68670.1640625,54725.66015625,7569.607421875,216.56509399414062,421.0373229980469,111.53621673583984,18.270599365234375
8075.009765625,22028.287109375,69404.109375,52550.07421875,7680.572265625,217.12078857421875,417.2781677246094,103.68001556396484,18.3302001953125
8162.93359375,22156.162109375,70438.8359375,54211.73828125,7908.50048828125,220.37562561035156,412.7691345214844,116.9636001586914,18.304779052734375
8074.01123046875,22170.146484375,69417.7109375,52675.8515625,7733.5556640625,216.6841583251953,411.5456848144531,109.15736389160156,18.195999145507812
7990.08349609375,21826.486328125,68285.0,51281.4765625,7511.6259765625,218.17263793945312,403.0406188964844,107.21829986572266,18.28219985961914
7865.19140625,21741.5703125,68950.9453125,50916.91015625,7458.642578125,207.66390991210938,389.87860107421875,100.4015884399414,18.34259033203125
7823.22802734375,21755.556640625,67866.03125,50932.63671875,7267.703125,205.63958740234375,394.27911376953125,104.19976806640625,18.464399337768555
7887.17236328125,21768.544921875,70083.453125,50685.0078125,7517.6240234375,208.209716796875,393.1148376464844,98.8623275756836,18.487770080566406
7968.1025390625,21645.662109375,71762.53125,50990.61328125,8303.3759765625,211.67291259765625,397.3180236816406,104.91940307617188,18.391340255737305
7958.11083984375,21619.6884765625,72838.14453125,51142.4296875,8295.37841796875,214.5804443359375,400.60357666015625,104.69952392578125,18.341690063476562
7948.119140625,21593.71484375,73913.7578125,51294.24609375,8287.380859375,216.11038208007812,401.3830261230469,108.96746063232422,18.29450035095215
8019.05810546875,21678.6328125,73857.7734375,50703.68359375,8330.3671875,219.8259735107422,408.48699951171875,116.08403015136719,18.242300033569336
8163.9326171875,21885.4296875,72276.28125,49259.82421875,8494.3154296875,220.27305603027344,411.29901123046875,118.02308654785156,18.06909942626953
8260.8486328125,23201.1328125,73014.4375,49892.76171875,8603.28125,223.25347900390625,416.162109375,122.80079650878906,18.04829978942871
8286.826171875,23392.943359375,73352.609375,49312.89453125,8862.19921875,224.57479858398438,413.6316833496094,124.51995849609375,17.97170066833496
8452.6826171875,23695.642578125,72996.8359375,50793.01953125,9025.1474609375,224.41583251953125,416.6563720703125,129.93734741210938,17.84984016418457
8386.740234375,23577.76171875,72405.28125,51415.14453125,8947.171875,225.0317840576172,419.8885192871094,127.18868255615234,17.706899642944336
8437.6962890625,23617.72265625,73484.3984375,52547.34765625,8945.1728515625,224.92250061035156,419.23614501953125,128.4380645751953,17.79400062561035
8341.779296875,23252.080078125,73867.375,51846.60546875,9008.1533203125,223.06471252441406,410.7454528808594,123.68036651611328,17.819700241088867
8502.6396484375,23737.6015625,73994.359375,51962.57421875,9589.96875,225.359619140625,411.9711608886719,129.30763244628906,18.003509521484375
8544.603515625,24034.310546875,72463.6796875,52625.9765625,9630.9560546875,225.6973876953125,408.7093200683594,126.39905548095703,17.740299224853516
8612.5439453125,24195.150390625,72877.2421875,52934.5859375,9596.966796875,226.5418701171875,409.0552673339844,128.23817443847656,17.696699142456055
8622.5361328125,24155.189453125,71930.125,51991.08203125,9370.0380859375,225.0119171142578,405.85272216796875,125.54946899414062,17.711790084838867
8664.5,24231.115234375,71865.7265625,51597.953125,9253.0751953125,228.29037475585938,408.34356689453125,117.5333251953125,17.82617950439453
8590.5634765625,23976.3671875,73549.3984375,50679.01171875,8883.1923828125,227.50555419921875,412.3171081542969,119.31246948242188,17.7273006439209
8542.6044921875,23879.462890625,72859.6484375,51458.390625,8762.23046875,224.41088104248047,408.5115966796875,113.63021469116211,17.821699142456055
8439.6943359375,23485.849609375,72839.4453125,48842.125,8607.279296875,221.3162078857422,404.7060852050781,107.94795989990234,17.79490089416504
8514.6298828125,23821.51953125,71994.5078125,48651.46484375,8755.232421875,219.4087371826172,404.17236328125,106.1588134765625,17.938899993896484
8500.6416015625,23468.8671875,72824.2421875,48586.59375,9100.1240234375,220.92874145507812,403.6682434082031,107.15833282470703,17.86823081970215
8472.666015625,23337.99609375,70717.0078125,46782.140625,9189.095703125,219.37893676757812,397.05560302734375,102.78044891357422,17.692630767822266
8528.6162109375,23384.94921875,70980.1875,46629.8046875,9152.107421875,219.4683380126953,401.0290832519531,106.41869354248047,17.819599151611328
8681.4853515625,23702.63671875,70610.8203125,45867.140625,9240.0791015625,218.67355346679688,409.4111022949219,108.04788970947266,17.863000869750977
8554.5947265625,22774.69921875,70451.8359375,46053.87109375,9197.0927734375,221.2069091796875,418.1488952636719,116.85366821289062,17.93720054626465
8612.5439453125,22903.61328125,70254.6484375,47146.765625,9272.0693359375,221.3162078857422,422.0630798339844,119.0927734375,17.89419937133789
8352.7685546875,23139.455078125,70174.25,47752.1796875,9372.0380859375,221.0479736328125,425.6116027832031,119.05278778076172,17.738800048828125
8264.845703125,23244.384765625,69554.6953125,47843.5859375,9249.0771484375,214.90829467773438,426.3529357910156,116.73371124267578,17.72566032409668
8292.8203125,23858.97265625,70751.0078125,48580.703125,9368.0390625,215.3751983642578,430.11883544921875,115.54417419433594,17.607999801635742
8350.771484375,24013.8671875,70494.625,48233.76171875,9433.0185546875,219.24977111816406,425.82904052734375,113.32505798339844,17.57859992980957
8322.794921875,24400.607421875,73483.796875,50025.44140625,9544.9833984375,227.3763885498047,433.617919921875,117.82327270507812,17.52829933166504
8467.6689453125,24321.662109375,73573.7890625,48519.765625,9571.974609375,226.7107391357422,430.23748779296875,115.95401763916016,17.500499725341797
8578.57421875,24824.322265625,73615.5859375,48026.390625,9528.98828125,224.99205017089844,428.49786376953125,116.21391296386719,17.390649795532227
8596.55859375,24896.7744140625,75942.5078125,49894.236328125,9560.478515625,225.88616943359375,424.2079772949219,120.82209014892578,17.324800491333008
8614.54296875,24969.2265625,78269.4296875,51762.08203125,9591.96875,224.8927001953125,427.1139831542969,123.4610366821289,17.22949981689453
8527.6181640625,25025.1875,83489.6328125,54508.07421875,9507.9951171875,226.0352020263672,426.3232421875,123.9908218383789,17.264400482177734
8479.6591796875,24628.455078125,84390.171875,54807.83203125,9521.990234375,226.30343627929688,423.0713195800781,121.35187530517578,17.175500869750977
8298.81640625,24218.728515625,83891.609375,54955.25390625,9180.0986328125,231.4794158935547,425.3249206542969,121.3918685913086,17.087600708007812
8201.8994140625,23830.990234375,84737.140625,55393.59375,8973.1640625,224.73374938964844,415.8260498046875,116.95361328125,17.280550003051758
8206.896484375,23909.9375,87660.1171875,56175.91796875,8848.203125,225.30001831054688,412.30718994140625,118.80288696289062,17.403600692749023
8167.92919921875,23606.142578125,87431.9375,54642.71875,8847.2041015625,224.197265625,411.72406005859375,122.80130004882812,17.34280014038086
8157.93798828125,23722.064453125,86611.796875,54348.859375,8581.2880859375,225.3199005126953,411.2496032714844,124.87047576904297,17.48390007019043
8191.90869140625,23747.046875,88393.2578125,54497.26171875,8585.2861328125,220.2432403564453,404.8049621582031,127.66937255859375,17.47330093383789
8184.91455078125,23781.0234375,85423.484375,51645.12890625,8620.275390625,224.29661560058594,409.9151916503906,132.83731079101562,17.37310028076172
7886.24462890625,23636.123046875,85552.8828125,52187.640625,8647.2666015625,228.0419921875,412.63336181640625,132.597412109375,17.579059600830078
7977.18994140625,23684.087890625,84406.5703125,51635.30078125,8699.25,227.54527282714844,411.0320739746094,134.75656127929688,17.639999389648438
8215.0458984375,24163.767578125,83977.59375,51936.0390625,8787.22265625,226.0650177001953,411.506591796875,134.74656677246094,17.516359329223633
8233.0361328125,24320.662109375,84974.7265625,51892.796875,8685.2548828125,229.79051208496094,414.2939453125,138.01527404785156,17.458560943603516
8247.0263671875,24279.689453125,81993.75,50483.43359375,8661.2626953125,232.3238983154297,413.8985900878906,131.54783630371094,17.542600631713867
8287.0029296875,24102.80859375,82592.1015625,51155.68359375,8831.208984375,230.26739501953125,411.308837890625,135.66619873046875,17.642200469970703
8204.0537109375,23751.044921875,81702.3671875,52771.43359375,8949.171875,230.6349639892578,411.9019470214844,136.87570190429688,17.633399963378906
8269.013671875,23882.95703125,83779.015625,53724.76953125,9147.109375,233.46636962890625,413.3253173828125,137.94529724121094,17.64590072631836
8227.0400390625,23943.9140625,82829.8828125,53231.39453125,9032.1455078125,234.93670654296875,413.9381103515625,143.6530303955078,17.579200744628906
8166.07568359375,23734.056640625,83297.4453125,53470.21484375,9012.1513671875,234.32077026367188,422.56719970703125,143.5330810546875,17.599700927734375
8172.072265625,23663.103515625,83529.8359375,52858.90234375,8916.181640625,229.2540283203125,419.6908264160156,139.50466918945312,17.523799896240234
8294.998046875,23822.99609375,82555.703125,54151.30859375,8897.1875,229.06529235839844,419.8193359375,140.35433959960938,17.776199340820312
8064.1376953125,23758.0390625,84421.96875,55098.75,8898.1875,229.89981079101562,423.1997985839844,141.48388671875,17.654399871826172
7961.19921875,24227.724609375,84758.328125,55876.15234375,8858.2001953125,231.87681579589844,421.6578063964844,140.4643096923828,17.65553092956543
7623.4033203125,23933.921875,86021.84375,56154.29296875,8674.2587890625,232.14505004882812,426.95587158203125,141.19400024414062,17.69202995300293
7732.33740234375,24266.697265625,84322.96875,54367.53125,8756.232421875,228.59835815429688,427.5291442871094,139.28475952148438,17.648000717163086
7705.35400390625,24139.783203125,82877.078125,53402.40625,8750.234375,224.43569946289062,401.65185546875,132.70736694335938,17.64529037475586
7744.330078125,24525.5234375,84319.7734375,53997.01171875,8739.23828125,221.4552764892578,405.6253662109375,135.34632873535156,17.595699310302734
7736.3349609375,24810.333984375,83593.6328125,54276.125,8865.1982421875,220.5611572265625,403.7374267578125,135.99607849121094,17.56399917602539
7731.337890625,24945.2421875,84682.75,54035.33984375,8681.255859375,221.99176025390625,406.7027282714844,139.8545379638672,17.502399444580078
7694.3603515625,24543.51171875,83037.46875,53320.828125,8472.322265625,221.26651000976562,415.32196044921875,145.5522918701172,17.369699478149414
7892.2412109375,24443.578125,82859.28125,54872.703125,8382.3505859375,225.99545288085938,420.5112609863281,148.82098388671875,17.665700912475586
7877.25,24138.783203125,81658.3828125,52700.671875,8424.3369140625,225.7269287109375,417.6546630859375,147.57147216796875,17.282550811767578
7821.28369140625,24040.849609375,82062.5390625,52931.63671875,8314.3720703125,223.01174926757812,413.17706298828125,145.20240783691406,17.613649368286133
7756.3232421875,24149.775390625,82268.9296875,50596.453125,8403.34375,223.01174926757812,418.1390075683594,148.231201171875,17.90839958190918
7655.3837890625,24153.7734375,81872.7578125,50737.984375,8424.3369140625,223.89691162109375,420.283935546875,146.21202087402344,18.10110092163086
7660.380859375,24145.779296875,82800.2890625,50592.5234375,8161.42041015625,226.98008728027344,421.954345703125,146.70184326171875,18.225299835205078
7620.4052734375,23947.9140625,82155.9453125,51871.171875,8203.4072265625,223.77757263183594,410.2018127441406,141.92369079589844,14.860369682312012
7625.40234375,23967.8984375,82749.296875,51489.83984375,8347.361328125,226.7811737060547,410.95306396484375,140.09442138671875,18.166549682617188
7648.38818359375,23950.91015625,82155.9453125,51917.36328125,8333.3662109375,227.0397491455078,412.9595642089844,146.95172119140625,17.938100814819336
7732.33740234375,24453.572265625,82193.734375,53051.5390625,8235.3974609375,227.75584411621094,410.6861572265625,145.83216857910156,18.026399612426758
7854.26416015625,24699.408203125,81900.15625,52217.12890625,8177.41552734375,227.2784423828125,408.913330078125,146.6118621826172,18.10890007019043
7787.3046875,24415.59765625,81167.8125,52539.484375,8037.45947265625,228.62110900878906,413.0036926269531,141.89373779296875,18.097299575805664
7760.3203125,24203.740234375,81753.765625,53198.9609375,8121.43310546875,231.60479736328125,414.776611328125,135.96607971191406,17.997129440307617
7905.2333984375,24071.828125,82393.71875,53156.69921875,8126.431640625,233.7829132080078,423.888427734375,136.86570739746094,17.984699249267578
7861.259765625,23695.08203125,82527.90625,54299.71484375,8120.43359375,233.6536102294922,418.93634033203125,135.2863311767578,18.179899215698242
7893.240234375,23827.9921875,81523.78125,53968.5078125,8145.42529296875,234.8470916748047,419.16908264160156,136.7407684326172,18.171199798583984
7689.36376953125,23672.095703125,81353.796875,55858.46875,8071.44873046875,236.0405731201172,419.4018249511719,138.19520568847656,18.080699920654297
7781.3076171875,23405.27734375,85393.2890625,57832.9453125,8147.4248046875,238.2882843017578,426.84979248046875,138.57504272460938,18.091520309448242
7733.3369140625,22744.720703125,85813.2578125,57986.265625,8075.44775390625,241.33168029785156,427.0676574707031,140.20440673828125,18.128400802612305
7818.28564453125,22892.62109375,86207.6484375,56693.859375,8275.384765625,241.68971252441406,433.22802734375,145.08245849609375,18.09830093383789
8022.16259765625,23237.388671875,87795.7734375,56652.5859375,8464.3251953125,241.71954345703125,438.37823486328125,145.0124969482422,18.15488052368164
7964.19775390625,23208.408203125,88238.953125,55873.203125,8538.3017578125,241.52064514160156,439.31915283203125,142.3933563232422,18.008699417114258
8005.17333984375,23327.328125,88600.3359375,57365.12890625,8455.3271484375,245.40940856933594,441.7456359863281,138.76454162597656,18.002099990844727
8059.140625,23216.404296875,87385.7890625,56221.125,8594.283203125,246.42385864257812,439.0813903808594,135.0257568359375,17.774030685424805
8021.16357421875,22934.59375,87208.0,56425.55078125,8500.3134765625,245.1508331298828,444.68719482421875,139.26437377929688,17.801300048828125
8014.16748046875,22860.642578125,87507.5859375,56193.60546875,8584.287109375,246.6128387451172,445.2516784667969,137.29501342773438,17.686100006103516
8134.09521484375,22953.580078125,88855.3203125,55170.49609375,8741.2373046875,246.7819061279297,442.9836120605469,134.20602416992188,17.77440071105957
7994.1796875,22763.70703125,88881.21875,55202.4375,8559.294921875,249.6760711669922,447.26226806640625,131.95675659179688,17.822280883789062
7854.26416015625,22573.833984375,88907.1171875,55234.37890625,8377.3525390625,252.1028289794922,450.104736328125,130.3472900390625,17.837099075317383
7888.24365234375,22689.7578125,87473.7890625,54514.953125,8468.3232421875,246.70233154296875,433.1983337402344,128.86778259277344,18.079700469970703
7737.33447265625,22410.9453125,86615.828125,53340.484375,8219.40234375,248.43287658691406,432.841796875,130.63719177246094,18.32200050354004
7704.35400390625,22528.865234375,84395.9375,51842.671875,8249.392578125,253.1073455810547,432.41595458984375,134.65586853027344,18.391599655151367
7710.35107421875,22520.869140625,85817.0703125,52978.8125,8186.41259765625,253.88311767578125,431.0788269042969,139.62423706054688,18.271150588989258
7755.3232421875,22532.861328125,85495.8828125,53523.2890625,8456.3271484375,256.7972106933594,435.1197204589844,140.174072265625,18.535310745239258
3877.66162109375,11266.4306640625,42747.94140625,26761.64453125,4228.16357421875,257.2049560546875,434.51556396484375,140.02912139892578,18.678489685058594
3841.683349609375,11153.0078125,42468.953125,27058.455078125,4643.03271484375,257.6127014160156,433.9114074707031,139.88417053222656,18.688199996948242
7683.36669921875,22306.015625,84937.90625,54116.91015625,9286.0654296875,254.20138549804688,426.4040832519531,136.96510314941406,18.835800170898438
7655.3837890625,22124.13671875,83013.0,53705.11328125,9284.0654296875,250.8297882080078,420.7586975097656,137.4449462890625,18.654499053955078
7591.42236328125,22161.11328125,83460.375,54236.81640625,9196.09375,249.0594482421875,417.4606018066406,134.2460174560547,18.76490020751953
7625.40234375,22240.05859375,82259.640625,54140.49609375,9258.07421875,242.52516174316406,414.568603515625,138.2646942138672,18.82015037536621
7712.34912109375,22463.908203125,82837.40625,53854.50390625,9333.0498046875,242.03781127929688,419.2929382324219,144.4226837158203,18.739599227905273
7707.3525390625,22555.845703125,83196.7890625,54505.125,9396.0302734375,243.66891479492188,423.7497863769531,149.3810577392578,18.75200080871582
7720.3447265625,22534.861328125,74797.1953125,54531.6640625,9327.0517578125,240.89407348632812,418.3222961425781,140.09410095214844,18.54509925842285
7608.412109375,21978.236328125,73003.8828125,54158.1875,8886.19140625,241.38140869140625,420.4913024902344,140.06410217285156,18.683300018310547
7510.47119140625,22041.193359375,73872.046875,55741.51171875,9043.1416015625,238.4723129272461,417.7131652832031,137.9647979736328,18.90591049194336
7464.4990234375,21758.3828125,73054.8828125,55853.5546875,9025.1474609375,235.56321716308594,414.9350280761719,135.86549377441406,18.935609817504883
7338.5751953125,21568.51171875,71275.171875,56243.73046875,8791.2216796875,233.12649536132812,413.1919250488281,133.18637084960938,19.090150833129883
7353.56591796875,21494.560546875,71941.1328125,55730.703125,9725.92578125,232.0125732421875,411.6864929199219,131.71682739257812,18.98550033569336
7534.45654296875,22084.1640625,73626.0546875,55570.5,9914.8662109375,236.57763671875,422.2245178222656,136.1953887939453,16.498899459838867
7471.4951171875,21801.353515625,73016.484375,55522.34375,9921.8642578125,227.01983642578125,420.5110778808594,133.52626037597656,18.756999969482422
7640.392578125,22275.03515625,73836.4453125,57459.4765625,10301.744140625,228.7305145263672,424.9184875488281,137.66490173339844,15.43019962310791
7640.392578125,22085.1640625,75322.375,58160.2265625,10402.7119140625,225.0804443359375,424.656005859375,139.2243881225586,18.731700897216797
7801.2958984375,22179.1015625,74228.8203125,57572.5,10940.5419921875,221.4303741455078,424.3935241699219,140.78387451171875,18.495670318603516
7761.3203125,21930.267578125,74179.6328125,57463.41015625,11091.494140625,222.61392211914062,441.9239501953125,147.02183532714844,18.47960090637207
7697.35888671875,21509.55078125,73995.4375,56903.203125,11187.4638671875,222.44485473632812,442.4290466308594,147.17178344726562,18.493900299072266
7580.42919921875,21509.55078125,75190.7734375,57297.3125,11279.4345703125,221.56964111328125,439.8044128417969,142.5732879638672,18.504539489746094
7515.46826171875,21539.529296875,76666.1015625,55025.03515625,11261.4404296875,228.61114501953125,430.39544677734375,118.38121032714844,18.479080200195312
7581.42822265625,21643.4609375,77355.4765625,54448.1171875,11300.4287109375,236.9655303955078,442.914306640625,128.94775390625,18.741500854492188
7628.400390625,21897.291015625,78456.21875,53694.30078125,11498.3662109375,238.05955505371094,438.09100341796875,123.65947723388672,18.65959930419922
7673.373046875,21925.271484375,78051.4453125,53443.68359375,11816.265625,236.29916381835938,411.01300048828125,124.60917663574219,18.518299102783203
7618.40625,21776.37109375,78948.3984375,54050.078125,11495.3671875,234.71780395507812,411.08233642578125,120.03067016601562,18.56730079650879
7535.45654296875,21295.693359375,78030.4453125,53052.51953125,11496.3662109375,226.77120971679688,406.9820556640625,116.62179565429688,18.99449920654297
7515.46826171875,21782.3671875,80127.5390625,53623.5390625,11546.3505859375,231.53521728515625,408.4181213378906,118.61112976074219,18.733409881591797
7463.49951171875,21786.36328125,80126.5390625,53098.71484375,11621.3271484375,231.2069854736328,409.3293151855469,124.78912353515625,18.65938949584961
7587.4248046875,22084.1640625,80560.515625,55757.23828125,11560.345703125,231.95291137695312,411.8350830078125,128.6378631591797,18.532800674438477
7620.4052734375,22139.126953125,81909.2578125,56056.0078125,11539.3525390625,226.39328002929688,405.8232116699219,129.79747009277344,18.43779945373535
7600.4169921875,21961.248046875,82795.015625,56116.9453125,11430.3876953125,226.662109375,408.2695617675781,133.52626037597656,18.525070190429688
7575.43212890625,21763.37890625,82896.0078125,54349.83984375,11705.30078125,231.6105499267578,407.4970397949219,132.7565155029297,18.419830322265625
7553.4453125,21685.43359375,84412.140625,55056.48828125,11696.302734375,235.8420867919922,405.1200256347656,131.0970458984375,18.497589111328125
7473.4931640625,21692.42578125,85830.8671875,56139.55078125,11478.3720703125,240.48187255859375,406.6056213378906,135.24566650390625,18.511869430541992
7395.54052734375,21861.314453125,91995.5703125,56905.16796875,11166.470703125,243.53855895996094,404.515869140625,138.8045196533203,18.481199264526367
7348.56884765625,21857.31640625,94044.265625,56905.16796875,11223.453125,243.47383880615234,405.1150665283203,139.07942962646484,18.34600067138672
7342.572265625,21998.220703125,97050.53125,55535.12109375,11358.41015625,243.40911865234375,405.7142639160156,139.35433959960938,18.406410217285156
7217.64794921875,21738.396484375,96177.1640625,54482.51953125,11321.421875,243.80738830566406,410.79510498046875,139.18438720703125,18.395200729370117
7212.65087890625,21676.4375,97232.5234375,56138.56640625,11311.4248046875,244.76321411132812,412.9684753417969,140.06410217285156,18.510400772094727
7253.62646484375,21899.287109375,98747.640625,55776.89453125,11435.3857421875,244.4844207763672,405.108642578125,134.38595581054688,18.319000244140625
7180.669921875,21770.375,91171.2109375,54075.6328125,11644.3193359375,246.0277099609375,400.9306335449219,130.23733520507812,18.36716079711914
7189.6650390625,22051.185546875,91082.2109375,53956.71484375,11896.240234375,245.9679718017578,394.8769836425781,126.58851623535156,18.361499786376953
7272.61474609375,22590.82421875,92695.5390625,54546.40234375,11843.2568359375,239.31695556640625,396.6930847167969,131.23699951171875,18.410999298095703
7153.6865234375,22175.1015625,92099.9609375,54075.6328125,11724.2939453125,236.27023315429688,389.5477600097656,120.11064147949219,18.366249084472656
7066.73876953125,21782.3671875,88669.125,53480.04296875,11818.2646484375,240.79052734375,393.9739074707031,124.87908172607422,18.42913055419922
7212.65087890625,22095.15625,90495.640625,55577.37890625,11801.2705078125,236.9970703125,385.5384826660156,114.02263641357422,18.638320922851562
7187.666015625,21985.23046875,91037.21875,53976.37109375,11544.3515625,234.90615844726562,385.6575622558594,115.9520034790039,18.603500366210938
7160.68212890625,22434.927734375,93490.8984375,55527.2578125,11656.3154296875,234.71701049804688,397.9732666015625,117.2615737915039,18.470399856567383
7169.6767578125,22024.205078125,98512.859375,56463.8828125,11551.3486328125,234.3087921142578,393.8746643066406,110.53378295898438,18.295799255371094
7407.53369140625,22225.0703125,96470.1484375,55020.125,11529.3564453125,238.03256225585938,390.32183837890625,112.65309143066406,18.12347984313965
7392.54248046875,22070.173828125,92308.953125,52679.046875,11401.396484375,226.4928436279297,377.2717590332031,106.94495391845703,18.258329391479492
7267.61767578125,21908.283203125,92616.9375,52139.484375,11288.4326171875,219.88165283203125,377.5595703125,108.72437286376953,18.32900047302246
7255.62451171875,21997.22265625,93216.7109375,52135.22265625,11152.4755859375,216.03842163085938,380.3581237792969,115.71273803710938,18.194690704345703
7293.60205078125,23035.525390625,92821.1328125,52652.23046875,11174.4677734375,208.77008056640625,375.892333984375,115.55277252197266,18.334199905395508
7415.52880859375,23790.017578125,94307.6640625,53513.25390625,11338.416015625,212.5635528564453,385.60791015625,121.6413345336914,18.27400016784668
7450.50732421875,23610.138671875,94612.6484375,53958.5078125,11515.3603515625,213.07135009765625,385.74688720703125,119.50183868408203,18.19611930847168
7395.54052734375,23943.9140625,96235.3671875,54279.9140625,11493.3671875,211.76702880859375,380.6062316894531,115.40280151367188,18.075090408325195
7440.51318359375,24094.814453125,97720.296875,54424.40625,11656.3154296875,214.30596923828125,384.8735656738281,117.4923095703125,18.105690002441406
7433.517578125,24198.744140625,92777.1328125,54434.23046875,11801.2705078125,213.17091369628906,383.9010009765625,118.50206756591797,18.09950065612793
7385.046875,24124.2939453125,93155.9140625,53965.87890625,12143.162109375,217.32281494140625,388.2874450683594,117.6722640991211,18.15290069580078
7336.576171875,24049.84375,93534.6953125,53497.52734375,12485.0537109375,219.77212524414062,390.0935974121094,121.38140106201172,18.20587921142578
7487.4853515625,24390.615234375,92745.1328125,55333.59375,12636.005859375,222.77903747558594,392.15777587890625,120.66156768798828,18.243070602416992
7573.43310546875,24798.341796875,92940.3203125,55171.4140625,12653.0009765625,220.56866455078125,387.0072326660156,113.73320007324219,18.270610809326172
7549.44775390625,24658.435546875,94531.2421875,53585.98828125,12290.115234375,222.87860107421875,387.6125793457031,111.40375518798828,18.26959991455078
7291.60302734375,24114.80078125,92022.171875,52209.921875,12490.052734375,216.9544219970703,375.9220886230469,109.6441650390625,18.205350875854492
7179.6708984375,23924.92578125,90355.6484375,50221.5078125,12319.1064453125,221.16604614257812,372.53802490234375,108.35446166992188,18.41119956970215
7341.5732421875,24139.783203125,92084.359375,49821.46484375,12408.078125,222.2214813232422,379.2863464355469,110.1240463256836,18.30838966369629
6932.8876953125,23124.466796875,93700.0859375,51114.96484375,12090.1787109375,222.91844177246094,379.2367248535156,110.39398193359375,18.477970123291016
6561.0009765625,21976.236328125,92459.546875,48459.16015625,11305.4267578125,202.30825805664062,370.2752990722656,101.77601623535156,18.94409942626953
6288.083984375,21230.73828125,88302.953125,44433.1796875,10548.666015625,187.56253051757812,357.10614013671875,94.28778076171875,18.739099502563477
6455.033203125,21884.298828125,86315.84375,45377.75,10351.728515625,180.6725616455078,355.14117431640625,97.61699676513672,19.27482032775879
6790.93115234375,22484.896484375,86453.0390625,45355.14453125,10914.55078125,171.67178344726562,351.86627197265625,96.27731323242188,19.55769920349121
6621.982421875,20224.275390625,84929.109375,43988.91015625,10400.0,197.98709106445312,387.52325439453125,114.30306243896484,19.75782012939453
6882.90283203125,21398.884765625,86656.625,47489.03125,10650.0,189.59365844726562,378.4527282714844,107.5446548461914,19.412220001220703
6654.97265625,20984.0234375,85741.8671875,47965.7421875,10455.0,197.2901153564453,385.498779296875,110.90386199951172,19.48649024963379
6995.86865234375,22215.61328125,89838.46875,48752.0625,11028.0,201.64117431640625,384.8636169433594,110.68391418457031,19.118560791015625
7083.841796875,22177.626953125,89779.6796875,50147.7890625,11038.0,201.2628173828125,382.7994384765625,112.1735610961914,18.871400833129883
6934.88720703125,22240.60546875,89212.703125,49012.53125,11197.0,193.42697143554688,368.7867126464844,104.46538543701172,19.026330947875977
6965.8779296875,22422.544921875,90175.65625,48998.76953125,11003.0,196.12521362304688,364.98577880859375,101.46607971191406,18.780250549316406
6974.375244140625,22457.533203125,90726.73046875,49501.52734375,11091.0,192.32179260253906,356.3916015625,96.88717651367188,191.40668106079102
6982.87255859375,22492.521484375,91277.8046875,50004.28515625,11179.0,198.8732452392578,364.0331115722656,98.86669921875,18.697460174560547
7044.853515625,22767.4296875,95458.40625,51602.48828125,11124.0,203.71214294433594,371.5456237792969,102.68579864501953,18.607519149780273
7107.83447265625,22781.42578125,95637.390625,52730.859375,11312.0,207.46578979492188,384.35748291015625,106.40492248535156,18.659400939941406
7147.822265625,228.92388916015625,97976.8828125,52492.015625,11552.0,208.371826171875,388.8729553222656,110.98385620117188,18.749309539794922
7234.2958984375,11778.584014892578,97336.11328125,52334.751953125,11741.5,209.22808837890625,388.18817138671875,108.70439147949219,18.6824893951416
7320.76953125,23328.244140625,96695.34375,52177.48828125,11931.0,210.29347229003906,391.0462951660156,108.99431610107422,18.49449920654297
7260.78759765625,23163.298828125,97841.0859375,49420.4375,12271.0,211.57785034179688,392.25701904296875,108.89433288574219,18.513200759887695
7308.773193359375,23390.7236328125,99674.796875,50437.744140625,12233.0,212.39431762695312,422.1680603027344,111.58370208740234,18.53898048400879
7356.7587890625,23618.1484375,101508.5078125,51455.05078125,12195.0,204.45889282226562,431.9729919433594,114.47303009033203,18.540700912475586
7336.7646484375,23057.333984375,100185.171875,50565.5234375,11870.0,198.02691650390625,432.8562316894531,113.7931900024414,18.40369987487793
7207.80419921875,22610.482421875,101577.109375,49582.6171875,11996.0,197.64854431152344,430.0179443359375,113.51325988769531,18.259660720825195
7210.80322265625,22662.46484375,99255.21875,49489.23828125,11825.0,195.3983612060547,430.05767822265625,117.03242492675781,18.19230079650879
7169.8154296875,22404.55078125,99627.8046875,48594.80078125,11913.0,196.63299560546875,434.84100341796875,117.34236145019531,18.25079917907715
7280.78173828125,22526.509765625,101705.8984375,49219.92578125,11827.0,197.66848754882812,435.39678955078125,116.62252044677734,18.2106990814209
7448.73046875,23225.279296875,105852.1015625,51224.0703125,11888.0,210.15048217773438,445.8468017578125,122.97103118896484,18.201749801635742
7407.7431640625,23319.248046875,106739.2578125,53406.1171875,12058.0,212.28399658203125,445.72772216796875,129.89938354492188,18.24401092529297
7355.7587890625,23099.3203125,108794.7578125,52487.1015625,11950.0,211.68582153320312,449.4988098144531,135.30810546875,18.297489166259766
7507.71240234375,23420.212890625,106196.6796875,50603.8515625,12016.0,210.80848693847656,450.512939453125,134.79823303222656,18.215930938720703
7596.685546875,23306.251953125,106640.0703125,48928.984375,12130.0,210.6190643310547,451.6463317871094,135.36810302734375,17.99720001220703
7392.74755859375,22911.3828125,105394.921875,48835.60546875,11997.0,208.14657592773438,456.2197570800781,135.53805541992188,18.04216957092285
7352.759765625,22691.455078125,104294.7734375,49556.078125,12260.0,206.232421875,455.5238342285156,134.3483428955078,18.0698299407959
7311.7724609375,22790.423828125,105029.7421875,50442.66015625,12104.0,201.4768829345703,449.9561767578125,131.76895141601562,17.92137908935547
7267.78564453125,22587.490234375,104994.9453125,50186.12109375,12000.0,200.7490997314453,452.23291015625,132.7987060546875,17.97150993347168
7197.80712890625,22649.470703125,103062.8359375,52118.51171875,12176.0,194.67758178710938,447.5799560546875,131.25906372070312,18.005889892578125
7366.75537109375,22863.3984375,103564.4140625,53637.09765625,11969.0,197.1400909423828,452.8046112060547,133.36356353759766,17.811899185180664
7374.7529296875,22752.435546875,104784.953125,52657.14453125,12032.0,199.60260009765625,458.0292663574219,135.4680633544922,17.830799102783203
7428.73681640625,23160.30078125,103573.8046875,52192.23046875,12497.0,199.81195068359375,454.7184753417969,134.7782440185547,17.946870803833008
7534.70458984375,23501.1875,104924.34375,51898.33984375,12800.0,199.3433837890625,456.0308837890625,139.15721130371094,17.964099884033203
7448.73046875,23316.248046875,103271.8203125,52777.05859375,12500.0,200.24066162109375,457.701171875,135.09817504882812,17.782249450683594
7409.74267578125,23117.314453125,103467.4140625,53824.56640625,12569.0,201.08807373046875,459.3018798828125,137.34764099121094,17.967790603637695
7403.744140625,23059.333984375,103925.390625,52598.59765625,13133.0,202.65330505371094,460.29608154296875,141.1867218017578,17.830699920654297
7447.73095703125,23235.275390625,107029.640625,53213.58203125,13186.0,202.20468139648438,461.1908874511719,141.88656616210938,17.84756088256836
7517.70947265625,23164.298828125,108371.3828125,55238.52734375,13024.0,200.02133178710938,464.9788818359375,139.95703125,17.808429718017578
7621.677734375,23398.220703125,107162.6328125,53272.58203125,13014.0,203.30133056640625,467.6632995605469,141.6865997314453,17.704139709472656
7548.7001953125,23445.205078125,108630.765625,52568.59765625,13071.0,200.83883666992188,470.0196228027344,142.59640502929688,17.766019821166992
7669.6630859375,23792.08984375,108270.390625,52580.59765625,13309.0,202.05511474609375,468.2001953125,143.92608642578125,17.70840072631836
7470.7236328125,23324.24609375,108710.1640625,51692.625,13174.0,198.1769256591797,469.8903503417969,142.80625915527344,17.68400001525879
7496.7158203125,23528.177734375,108735.3671875,51258.6328125,13424.0,198.5956573486328,476.104248046875,144.9759063720703,17.68670082092285
7222.79931640625,22738.439453125,106244.8828125,50723.6484375,13250.0,195.85398864746094,472.2168273925781,141.94639587402344,17.7549991607666
7203.305419921875,22719.4462890625,106424.17578125,50881.14453125,12960.0,197.81802368164062,476.37274169921875,144.66595458984375,17.931970596313477
7183.8115234375,22700.453125,106603.46875,51038.640625,12670.0,195.0464630126953,475.2790832519531,144.09603881835938,17.815589904785156
7223.79931640625,22690.45703125,106886.453125,50487.65234375,12821.0,195.9835968017578,477.4663391113281,145.455810546875,17.983699798583984
7257.78857421875,22646.470703125,104556.7578125,49348.68359375,12712.0,198.18689727783203,476.0545349121094,144.64095306396484,18.018999099731445
7257.78857421875,22732.44140625,104702.9609375,48898.6953125,12699.0,200.39019775390625,474.6427307128906,143.8260955810547,17.99456024169922
7117.83154296875,22427.54296875,108137.9921875,48828.69921875,12721.0,200.888671875,483.1930847167969,144.1460418701172,18.061199188232422
7433.7353515625,23444.205078125,110212.6953125,49703.67578125,13149.0,199.6923065185547,487.2793273925781,147.8754119873047,17.814800262451172
7487.71875,22781.42578125,110156.4921875,48923.6953125,13190.0,200.94850158691406,489.4268798828125,154.28436279296875,17.721599578857422
7500.71484375,22498.51953125,110306.2890625,52468.6015625,13999.0,200.39019775390625,494.57696533203125,154.99423217773438,17.7007999420166
7576.69140625,22812.416015625,110127.8984375,52176.61328125,14000.0,200.46995544433594,493.07568359375,157.72378540039062,17.860599517822266
7566.69482421875,22745.4375,110302.2890625,52563.59765625,14084.0,204.5475311279297,494.53717041015625,157.96376037597656,17.77079963684082
7617.67919921875,22767.4296875,109412.328125,52226.609375,14200.0,207.1894989013672,489.2080993652344,153.2745361328125,17.705299377441406
7494.716796875,22503.517578125,108375.1796875,54698.54296875,13887.0,211.7954864501953,488.2536926269531,157.22386169433594,17.592470169067383
7557.697265625,22821.412109375,107653.609375,53612.57421875,14044.0,212.90213012695312,495.9589538574219,159.3135223388672,17.559099197387695
7478.7216796875,22642.47265625,107180.234375,53156.58203125,13997.0,211.10758209228516,495.4021759033203,158.76361846923828,17.503400802612305
7418.73974609375,22549.50390625,109119.5390625,52943.58984375,14167.0,209.3130340576172,494.84539794921875,158.21371459960938,17.58970069885254
7522.7080078125,22683.458984375,110527.078125,53833.56640625,14244.0,209.3728485107422,493.7517395019531,159.97341918945312,17.85569953918457
7561.6962890625,22740.439453125,109364.1328125,52452.6015625,14364.0,210.4994354248047,500.60198974609375,162.85293579101562,17.77581024169922
7507.71240234375,22689.45703125,109104.9453125,54383.55078125,14338.0,211.76556396484375,498.58367919921875,164.07273864746094,17.80755043029785
7272.7841796875,22069.662109375,110114.6953125,54353.55078125,14230.0,210.51937866210938,500.4130554199219,164.89259338378906,17.721099853515625
7206.80419921875,21984.69140625,108414.578125,53650.5703125,14266.0,207.98707580566406,500.1147766113281,164.04273986816406,17.927900314331055
7325.76806640625,22077.66015625,110902.2578125,52983.58984375,13985.0,208.4755859375,502.89862060546875,170.671630859375,17.903799057006836
7447.73095703125,22361.56640625,109792.109375,52954.58984375,14317.0,209.5224151611328,502.6997985839844,171.34152221679688,17.894420623779297
7488.71826171875,22691.455078125,110080.4921875,52866.58984375,14564.0,209.38284301757812,508.7446594238281,172.97125244140625,17.822900772094727
7664.66455078125,23198.287109375,111656.828125,53298.58203125,14595.0,210.539306640625,507.1041564941406,172.38136291503906,17.801700592041016
7580.6904296875,23062.33203125,112834.1640625,55043.53515625,14480.0,211.83535766601562,507.1141357421875,171.35153198242188,17.7007999420166
7532.705078125,22793.421875,112094.6015625,55585.51953125,14420.0,213.74954223632812,502.3517761230469,167.00225830078125,17.597200393676758
7435.734375,22942.373046875,118000.3203125,56213.5,14033.0,213.5002899169922,502.94830322265625,170.75161743164062,17.550899505615234
7496.7158203125,23093.322265625,118126.9140625,55899.5078125,14308.0,213.11148071289062,507.9294128417969,173.7111358642578,17.511699676513672
7496.7158203125,22836.408203125,116332.3984375,54820.5390625,14145.0,213.23110961914062,510.7430725097656,173.47117614746094,17.613100051879883
7527.70654296875,22966.365234375,115016.4609375,53833.56640625,14258.0,213.40061950683594,509.5400085449219,176.7206268310547,17.738100051879883
7521.70849609375,23109.31640625,114994.4609375,53213.58203125,14585.0,210.62904357910156,509.609619140625,175.48085021972656,17.88990020751953
7652.66845703125,23339.240234375,113340.5390625,52978.58984375,14520.0,208.415771484375,510.2757568359375,179.24021911621094,17.867700576782227
7743.640625,23433.208984375,112902.9609375,51083.63671875,15335.0,206.94027709960938,530.4187622070312,177.84043884277344,17.981779098510742
7578.69091796875,23349.236328125,108572.171875,49477.6796875,15566.0,201.76602172851562,521.0829467773438,173.69113159179688,18.210580825805664
7763.634765625,23184.29296875,111483.03125,49324.68359375,15382.0,202.7330780029297,532.5463256835938,179.9700927734375,18.012100219726562
7589.6875,22966.365234375,111581.0234375,49595.6796875,15404.0,202.3043670654297,524.7019653320312,178.23037719726562,17.919700622558594
7647.669921875,22867.396484375,112226.796875,50245.6640625,15915.0,212.60302734375,521.908203125,179.3901824951172,17.891599655151367
7642.67138671875,22892.388671875,112260.390625,50718.6484375,16762.0,219.36245727539062,517.8318481445312,180.73995971679688,17.77482032775879
7565.69482421875,23074.328125,111959.0078125,51523.62890625,16500.0,228.65420532226562,519.0249633789062,182.6696319580078,17.6931095123291
7617.67919921875,23242.2734375,111684.015625,51259.6328125,16684.0,226.74781799316406,518.7565307617188,182.0297393798828,17.732099533081055
7710.65087890625,23635.142578125,112321.1953125,51613.625,17200.0,229.21310424804688,526.183349609375,183.1295623779297,17.752099990844727
7756.63671875,24193.95703125,117087.5625,51327.6328125,17212.0,232.88612365722656,517.5733642578125,181.559814453125,17.566699981689453
7819.61767578125,24902.720703125,116189.609375,50727.6484375,17268.0,232.33717346191406,519.4623413085938,181.98974609375,17.496379852294922
7815.61865234375,25031.677734375,116600.3828125,51563.625,17178.0,231.1494140625,517.1657104492188,180.42001342773438,17.58032989501953
7732.64404296875,24746.7734375,116137.609375,50803.64453125,15734.0,230.45074462890625,514.1134643554688,181.979736328125,17.575899124145508
7779.6298828125,25008.685546875,115731.03125,51108.63671875,15606.0,230.1213836669922,506.8257751464844,175.61080932617188,17.624540328979492
7670.6630859375,25108.65234375,114674.6796875,51199.88671875,15712.0,225.5800323486328,502.7991638183594,175.370849609375,17.69993019104004
7679.66015625,24921.71484375,113432.3359375,51749.88671875,15650.0,224.47213745117188,502.15185546875,174.95091247558594,17.66860008239746
7804.6220703125,25491.525390625,116232.796875,52157.88671875,15639.0,227.3267059326172,505.1295166015625,177.96043395996094,17.703519821166992
7702.6533203125,25041.673828125,118656.4921875,51451.88671875,15480.0,226.7278594970703,502.17181396484375,179.78012084960938,17.429529190063477
7479.72119140625,24669.798828125,118260.703125,52709.8828125,14978.0,228.87376403808594,499.96099853515625,181.7397918701172,17.612899780273438
7528.7060546875,24830.744140625,115892.21875,52659.8828125,15046.0,230.05152893066406,504.6415100097656,181.56982421875,17.62042999267578
7614.68017578125,25110.65234375,115646.4296875,54074.87890625,15233.0,232.11758422851562,507.5295104980469,180.1400604248047,17.68090057373047
7438.7333984375,24877.728515625,116167.8046875,54249.87890625,14980.0,231.69837951660156,504.59173583984375,174.1510467529297,17.68086051940918
7433.7353515625,24656.802734375,114598.0859375,53704.8828125,14551.0,230.49068450927734,503.8099822998047,172.45133209228516,17.638599395751953
7383.75048828125,24298.921875,113077.5546875,52848.8828125,14312.0,229.28298950195312,503.0282287597656,170.75161743164062,17.616239547729492
7248.79150390625,23984.025390625,113194.546875,54173.87890625,13980.0,238.01634216308594,503.2572937011719,170.59165954589844,17.696399688720703
7188.8095703125,23751.103515625,113007.15625,53699.8828125,13869.0,239.3238525390625,505.866455078125,171.63148498535156,17.653799057006836
7357.75830078125,24139.974609375,114477.484375,54041.87890625,13956.0,239.2340087890625,492.9501647949219,166.9922637939453,17.743900299072266
7410.7421875,24641.806640625,114734.4765625,54028.87890625,13956.0,237.42745971679688,496.13690185546875,168.2820281982422,17.60070037841797
7408.74267578125,24572.830078125,116428.7890625,58887.87109375,13881.0,233.9041748046875,496.3460388183594,170.7316131591797,17.46240997314453
7430.73583984375,23631.0,115981.8125,60399.8671875,13803.0,226.35855102539062,498.29791259765625,177.300537109375,17.53380012512207
7904.591796875,23874.0,116989.765625,59781.8671875,13782.0,229.59239196777344,498.9352722167969,177.1505584716797,17.47480010986328
8097.53271484375,23931.0,117463.546875,60559.8671875,13692.0,233.62472534179688,507.7884521484375,177.80047607421875,17.346599578857422
7934.58251953125,23828.0,117838.125,60620.8671875,14078.0,236.24969482421875,513.225830078125,177.73048400878906,17.348560333251953
8026.5546875,23994.0,117702.328125,61053.8671875,14849.0,237.6969451904297,506.9320068359375,174.86080932617188,17.3605899810791
8003.5615234375,24143.0,120662.1875,59874.8671875,14664.0,238.5353546142578,507.9079284667969,170.27130126953125,17.337570190429688
8137.5205078125,24320.0,122459.5,59566.8671875,14133.0,237.42745971679688,506.3444519042969,176.2206573486328,17.375499725341797
8096.533203125,24406.0,121394.15625,59499.8671875,13800.0,245.032958984375,515.78515625,176.6505889892578,17.340330123901367
7963.57373046875,24099.0,120194.2109375,59628.8671875,13700.0,255.5928192138672,512.319580078125,183.58984375,17.319110870361328
8023.5556640625,24075.0,118742.28125,59484.8671875,13784.0,253.9459686279297,507.1212463378906,178.410400390625,17.330900192260742
7948.07861328125,23908.0,119648.23828125,60813.365234375,13656.5,251.8300018310547,508.0373840332031,176.9505615234375,17.228099822998047
7872.6015625,23741.0,120554.1953125,62141.86328125,13529.0,256.3813171386719,504.9303283691406,177.67050170898438,17.327280044555664
7829.61474609375,23640.0,121294.15625,62386.86328125,13841.0,254.97401428222656,509.34197998046875,178.17044067382812,17.422000885009766
7768.63330078125,23529.0,123783.8359375,63928.859375,13800.0,253.9459686279297,512.4689331054688,181.83004760742188,17.34040069580078
7763.634765625,23639.0,125087.578125,64649.859375,14500.0,254.14559936523438,515.8051147460938,186.55950927734375,17.250200271606445
7772.6318359375,24063.0,126355.9140625,64697.85546875,14738.0,254.9640350341797,517.557861328125,187.21945190429688,17.27267074584961
7807.62109375,24001.0,127978.8359375,64125.859375,14315.0,256.6408386230469,513.604248046875,188.8692626953125,17.206579208374023
7961.57421875,24649.0,130560.7109375,65009.85546875,14647.0,257.5291442871094,515.20751953125,187.59939575195312,17.270299911499023
8093.5341796875,24934.0,128321.8203125,65495.85546875,14372.0,256.2016906738281,526.3811645507812,185.51962280273438,17.257659912109375
8107.52978515625,24592.0,127264.8671875,65441.85546875,14847.0,255.99208068847656,521.8101196289062,185.01968383789062,17.151199340820312
7819.0,24767.0,127712.8515625,66269.8515625,15202.0,257.5690612792969,522.676513671875,189.0892333984375,17.209299087524414
8078.0,25246.0,125925.9375,67358.8515625,15262.0,253.55670166015625,520.2366943359375,192.54885864257812,17.152050018310547
8129.0,25600.0,123091.0703125,67487.8515625,15477.0,244.80340576171875,508.84405517578125,183.139892578125,17.19162940979004
8100.0,25402.0,121138.1640625,68769.8515625,15357.0,247.18885803222656,511.9212341308594,188.29933166503906,17.41132926940918
8034.0,25300.0,120519.1953125,67349.8515625,15284.0,247.29864501953125,511.4432373046875,180.01022338867188,17.32033920288086
7988.0,25396.0,120666.1875,68216.8515625,16512.0,248.8656463623047,511.3038024902344,179.8102569580078,17.385459899902344
7958.0,25390.0,118866.2734375,67843.8515625,16274.0,246.979248046875,509.4913330078125,181.7900390625,17.34510040283203
7995.0,25179.0,118315.3046875,66478.8515625,16583.0,251.81002807617188,511.4532470703125,183.19989013671875,17.335460662841797
8168.0,25263.0,119657.234375,66625.8515625,16336.0,261.7411193847656,514.6498413085938,182.6199493408203,17.3656005859375
8220.0,25486.0,120383.203125,65700.8515625,16225.0,262.2701110839844,515.5162963867188,181.14010620117188,17.217859268188477
8340.0,25719.0,120365.203125,65673.8515625,16674.0,257.9583435058594,518.3843994140625,180.2602081298828,17.38779067993164
8314.0,25719.0,122246.109375,66632.8515625,16699.0,259.0861511230469,518.404296875,182.13999938964844,17.415790557861328
8294.0,25617.0,123644.046875,65103.85546875,16670.0,262.32000732421875,521.441650390625,186.23953247070312,17.32200050354004
8164.0,25307.0,128258.8203125,65064.85546875,16700.0,268.2986145019531,529.3189697265625,191.46897888183594,17.199499130249023
8330.0,25847.0,126073.9296875,65967.8515625,17200.0,268.4882507324219,539.8252563476562,201.0079345703125,17.21092987060547
8348.0,25681.0,127186.875,66747.8515625,16908.0,269.1869201660156,539.307373046875,207.01727294921875,17.14674949645996
8228.0,25337.0,125093.9765625,66009.8515625,17013.0,270.8836669921875,523.582763671875,202.8677215576172,17.162700653076172
8223.0,25456.0,121997.125,65666.8515625,17293.0,269.85565185546875,515.6656494140625,202.4677734375,17.275890350341797
8249.0,25542.0,122394.1015625,63916.859375,17320.0,268.53814697265625,514.888916015625,206.85728454589844,17.28927993774414
8154.0,25377.0,123431.0546875,62329.86328125,16810.0,269.5262756347656,512.2001342773438,198.66818237304688,17.29412078857422
8243.0,25755.0,123311.0625,62979.859375,17034.0,269.6260986328125,505.0597839355469,195.18858337402344,17.491039276123047
8106.0,26454.0,125876.9375,63893.859375,16558.0,269.25677490234375,495.04144287109375,188.05935668945312,17.399799346923828
8040.0,25800.0,121699.140625,63091.859375,16474.0,267.9592590332031,494.7626037597656,188.1293487548828,17.353029251098633
8091.0,26409.0,124379.0078125,63863.859375,16863.0,269.1781311035156,503.9045715332031,199.0281524658203,17.30554962158203
8026.0,26192.0,122494.1015625,64523.859375,16800.0,274.99267578125,506.573486328125,193.1387939453125,17.145610809326172
8155.0,26975.0,123755.0390625,65406.85546875,16410.0,273.21435546875,509.0233154296875,193.7787322998047,17.15203094482422
8414.0,27140.0,127093.875,65045.85546875,16918.0,272.6948547363281,501.205810546875,186.8394775390625,17.087230682373047
8347.0,27100.0,121989.125,63952.859375,16845.0,272.15533447265625,508.0672607421875,190.1491241455078,17.038570404052734
8450.0,27403.0,121618.140625,63177.859375,16760.0,267.2099609375,505.3883972167969,186.5795135498047,17.08218002319336
8210.0,27328.0,119250.2578125,60854.8671875,16695.0,267.19000244140625,491.74517822265625,181.340087890625,17.171049118041992
8215.0,27133.0,119444.25,61944.86328125,17010.0,268.3089294433594,485.1027526855469,186.49951171875,17.166799545288086
8223.0,27400.0,118237.3046875,61848.86328125,17203.0,266.0010986328125,477.3404846191406,180.6201629638672,17.178800582885742
8152.0,26736.0,116099.40625,61489.86328125,16951.0,271.2361755371094,471.04486083984375,178.86036682128906,17.212350845336914
8165.0,26482.0,115587.4296875,61533.86328125,16486.0,275.6620788574219,472.92059326171875,182.52996826171875,17.36482048034668
8110.0,26589.0,113175.546875,63328.859375,16827.0,276.7110900878906,475.90374755859375,177.80047607421875,17.291170120239258
8265.0,27102.0,113574.53125,63534.859375,16818.0,277.29052734375,484.3943786621094,180.24020385742188,17.20210075378418
8100.0,26535.0,109994.703125,63809.859375,16212.0,277.93992614746094,487.64198303222656,178.61038208007812,17.131099700927734
8147.0,26362.0,107000.84375,64071.859375,15788.0,278.5893249511719,490.88958740234375,176.98056030273438,17.140869140625
8200.0,26289.0,109094.7421875,65838.8515625,15572.0,282.8353576660156,485.6315612792969,179.90025329589844,17.109420776367188
8335.0,26856.0,105437.921875,64734.85546875,15800.0,285.9224548339844,488.8841552734375,181.44007873535156,17.0743408203125
8523.0,27100.0,104365.0,66171.8515625,16020.0,283.8843688964844,476.64208984375,179.57028198242188,17.09333038330078
8619.0,27529.0,105731.0,66430.8515625,15725.0,280.4375915527344,479.7449951171875,183.37008666992188,17.032760620117188
8674.0,27737.0,106400.0,67367.8515625,15801.0,278.5193786621094,482.0597229003906,182.40013122558594,16.98200035095215
8560.0,27230.0,103938.0,67013.8515625,15734.0,277.6302185058594,489.9018249511719,185.5399627685547,16.93058967590332
8642.0,27325.0,103680.0,65862.8515625,15750.0,276.9208679199219,490.8995361328125,184.95999145507812,17.025800704956055
8688.0,27265.0,105939.0,65849.8515625,15723.0,278.5193786621094,477.4701843261719,183.77005004882812,17.02790069580078
8686.0,27568.0,108560.0,65723.8515625,15780.0,277.77008056640625,482.3690185546875,180.92019653320312,16.922800064086914
8589.0,27673.0,110200.0,64535.859375,15623.0,278.0198669433594,477.4402770996094,175.01052856445312,16.851699829101562
8749.0,28049.0,108050.0,63893.859375,15778.0,273.8537292480469,473.73870849609375,176.28045654296875,16.858869552612305
8838.5,28222.5,108125.0,64487.857421875,16088.5,274.353271484375,475.3051452636719,177.71038818359375,16.782529830932617
8928.0,28396.0,108200.0,65081.85546875,16399.0,271.58587646484375,475.0357360839844,170.93075561523438,16.73332977294922
8936.0,28595.0,108822.0,65138.85546875,15860.0,271.935546875,482.87786865234375,174.1305694580078,16.766679763793945
8962.0,28336.0,113238.0,65576.8515625,15916.0,273.4141845703125,484.8134460449219,180.98020935058594,16.71702003479004
8809.0,28226.0,111322.0,64620.859375,16140.0,270.7166748046875,483.81573486328125,183.6800537109375,16.74496078491211
8967.0,28570.0,112000.0,66886.8515625,16478.0,272.1053771972656,485.7413330078125,189.19976806640625,16.696500778198242
9063.0,28830.0,112019.0,67234.8515625,16639.0,273.55401611328125,486.90863037109375,188.59979248046875,16.668699264526367
9062.0,28836.5,111975.0,67522.3515625,16728.0,273.1444091796875,486.599365234375,190.51968383789062,16.627199172973633
9061.0,28843.0,111931.0,67809.8515625,16817.0,273.50408935546875,485.9907531738281,188.20980834960938,16.65920066833496
9050.0,28926.0,111943.0,68423.8515625,16909.0,272.82470703125,486.3699035644531,187.52984619140625,16.672700881958008
9075.0,29040.0,110451.0,68509.8515625,16950.0,271.6058349609375,482.5186767578125,186.4899139404297,16.58547019958496
9063.0,29142.0,111177.0,69354.84375,16992.0,270.75665283203125,471.8630065917969,188.83978271484375,16.551599502563477
8999.0,29083.0,111127.0,69531.84375,17112.0,267.0101623535156,471.773193359375,188.1098175048828,16.49650001525879
9203.0,29470.0,113656.0,70879.84375,17581.0,262.1147155761719,477.4203186035156,187.22987365722656,16.359729766845703
9158.0,29249.0,113709.0,69599.84375,17528.0,260.08660888671875,482.3690185546875,189.09976196289062,16.35487937927246
9217.0,29281.0,111876.0,68569.8515625,17709.0,258.7978515625,477.0212097167969,185.0299835205078,16.446640014648438
9100.0,29324.0,110435.0,70656.84375,17580.0,259.1275329589844,478.1885681152344,184.84999084472656,16.512060165405273
9100.0,28929.0,112782.0,71357.84375,17519.0,260.0067138671875,476.09332275390625,184.92999267578125,16.474519729614258
9039.0,28279.0,114484.0,71077.84375,17600.0,260.8059387207031,469.5981750488281,185.79994201660156,16.37459945678711
9010.0,28300.0,114417.0,71807.84375,17184.0,259.71697998046875,458.3338928222656,183.1300811767578,16.38578987121582
9133.0,28820.0,110375.0,72175.84375,17573.0,257.9685974121094,455.6200866699219,187.03988647460938,16.38875961303711
9116.0,28862.0,109033.0,70867.84375,17918.0,255.29112243652344,458.8127746582031,186.21990966796875,16.3302001953125
9087.0,28865.0,106868.0,71468.84375,17662.0,250.8802490234375,456.1488494873047,182.14013671875,16.408000946044922
9030.0,28989.0,103858.0,70407.84375,17662.0,246.46937561035156,453.48492431640625,178.06036376953125,16.370819091796875
9046.0,28900.0,101661.0,74249.8359375,17331.0,247.41848754882812,443.0986328125,183.31008911132812,16.41029930114746
9286.0,29621.0,102917.0,72913.8359375,18350.0,248.1178436279297,450.1126403808594,184.82998657226562,16.262710571289062
9144.0,29584.0,102304.0,74159.8359375,17618.0,247.80812072753906,464.888916015625,187.6598358154297,16.12579917907715
9121.0,29800.0,101012.0,75981.8359375,18216.0,255.17123413085938,469.20904541015625,186.4599151611328,16.04631996154785
9292.0,30010.0,103797.0,75448.8359375,18300.0,258.0285339355469,479.485595703125,188.50979614257812,16.014999389648438
9185.0,29669.0,103183.0,76344.828125,17974.0,256.2002868652344,480.533203125,191.5096435546875,15.857760429382324
9303.0,29896.0,102210.0,77983.828125,18060.0,258.0385437011719,432.5128173828125,192.49957275390625,15.710020065307617
9254.0,29873.0,99150.0,74635.8359375,18093.0,259.2374267578125,429.31011962890625,191.11965942382812,15.7183198928833
9403.0,30644.0,99000.0,74579.8359375,18480.0,269.7575988769531,422.4058837890625,185.59996032714844,16.137269973754883
9413.0,30955.0,97219.0,78892.828125,18706.0,269.22808837890625,410.2735595703125,180.33023071289062,16.053630828857422
9346.0,30845.0,93680.0,79968.8203125,18671.0,276.23150634765625,413.2467956542969,174.18057250976562,15.931839942932129
9343.0,31005.0,94166.0,76066.8359375,17596.0,275.6520690917969,392.7735290527344,171.87069702148438,16.07012939453125
9425.0,30944.0,95719.0,74883.8359375,18416.0,277.8599853515625,400.22650146484375,185.39996337890625,16.241300582885742
9361.0,30887.0,95382.0,75982.8359375,18823.0,274.6199951171875,412.65814208984375,190.0297088623047,15.992159843444824
9472.0,31227.0,92750.0,77822.828125,19176.0,273.67999267578125,412.328857421875,188.52978515625,15.894000053405762
9510.0,31215.0,90580.0,79792.8203125,19210.0,275.5,403.4491271972656,190.0397186279297,15.92609977722168
9542.0,31377.0,90609.0,79260.828125,19522.0,261.7300109863281,400.9248962402344,186.9298858642578,15.869400024414062
9500.0,31372.0,89120.0,77759.828125,19230.0,255.77999877929688,400.4060974121094,182.80010986328125,15.947830200195312
9588.0,31552.0,89692.0,77119.828125,19511.0,259.8300018310547,398.18116760253906,183.8800506591797,15.928319931030273
9531.0,31748.0,89203.0,74761.8359375,19527.0,263.8800048828125,395.95623779296875,184.95999145507812,15.95740032196045
9807.0,32428.0,91555.0,78674.828125,19955.0,264.3500061035156,398.69000244140625,187.96981811523438,16.025100708007812
9773.0,32450.0,90500.0,76874.828125,19458.0,260.5799865722656,398.4599914550781,187.88983154296875,16.06279945373535
9804.0,32003.0,89917.0,78563.828125,19745.0,264.5799865722656,397.2300109863281,189.8097381591797,16.13558006286621
9743.0,32202.0,91475.0,79581.828125,19517.0,266.17999267578125,384.4700012207031,191.53964233398438,15.961400032043457
9871.0,32365.0,90341.0,78943.828125,19792.0,272.1400146484375,389.0,192.83956909179688,15.999580383300781
9727.0,32194.0,90883.0,81743.8203125,20573.0,274.2300109863281,400.6000061035156,195.54940795898438,15.951399803161621
9952.0,32519.0,88694.0,78959.828125,20391.0,272.95001220703125,401.7200012207031,184.87998962402344,15.843179702758789
9919.0,32133.0,88528.0,79911.8203125,20757.0,264.17999267578125,392.739990234375,177.180419921875,15.9173002243042
9590.0,32042.0,86521.0,77153.828125,20898.0,264.7200012207031,398.54998779296875,182.47012329101562,16.059579849243164
9172.0,30506.0,84438.0,75569.8359375,20048.0,263.75,403.92999267578125,180.04025268554688,16.07469940185547
9264.0,30896.0,86948.0,76349.828125,19972.0,262.5199890136719,405.20001220703125,183.03009033203125,16.481090545654297
9274.0,30715.0,88096.0,75777.8359375,20165.0,260.2900085449219,410.67999267578125,183.330078125,16.314889907836914
8696.0,29183.0,87662.0,70963.84375,19200.0,257.4599914550781,408.9599914550781,177.8103790283203,16.622779846191406
8837.0,29471.0,88074.0,68269.8515625,18973.0,259.8800048828125,409.4100036621094,182.64010620117188,16.769359588623047
9078.0,29868.0,94508.0,72397.84375,18955.0,260.8299865722656,405.760009765625,184.760009765625,16.32908058166504
9018.0,29476.0,93179.0,73103.0,18660.0,260.80999755859375,404.8800048828125,186.02999877929688,16.281810760498047
8801.0,29536.0,93789.0,71800.0,18396.0,255.75999450683594,401.8599853515625,183.13999938964844,16.57607078552246
4400.5,14768.0,46894.5,35900.0,9198.0,127.87999725341797,200.92999267578125,91.56999969482422,16.78230094909668
